Date,Open,High,Low,Close,Volume,Ex-Dividend,Split Ratio,Adj. Open,Adj. High,Adj. Low,Adj. Close,Adj. Volume
3/27/2018,31.85,31.9,27.88,28.07,79821992,0,1,31.85,31.9,27.88,28.07,79821992
3/26/2018,31.69,32.47,30.7,31.91,25477813,0,1,31.69,32.47,30.7,31.91,25477813
3/23/2018,31.26,32,30.7907,31.03,24478532,0,1,31.26,32,30.7907,31.03,24478532
3/22/2018,31.77,32.13,31.175,31.2,29284239,0,1,31.77,32.13,31.175,31.2,29284239
3/21/2018,32.19,33.15,32.05,32.73,43359002,0,1,32.19,33.15,32.05,32.73,43359002
3/20/2018,34.92,34.95,30.61,31.35,82222740,0,1,34.92,34.95,30.61,31.35,82222740
3/19/2018,35.13,35.74,34.41,34.98,22116551,0,1,35.13,35.74,34.41,34.98,22116551
3/16/2018,36,36.2,35.52,35.58,13747877,0,1,36,36.2,35.52,35.58,13747877
3/15/2018,36.41,36.48,35.4,35.8,20921849,0,1,36.41,36.48,35.4,35.8,20921849
3/14/2018,34.3,36.8,34.09,36.6,39409327,0,1,34.3,36.8,34.09,36.6,39409327
3/13/2018,35.4,35.53,33.9,34.11,21967251,0,1,35.4,35.53,33.9,34.11,21967251
3/12/2018,35.53,35.73,34.83,35.5,20963776,0,1,35.53,35.73,34.83,35.5,20963776
3/9/2018,35.2,35.5,34.9367,35.35,18513795,0,1,35.2,35.5,34.9367,35.35,18513795
3/8/2018,35.42,35.84,34.68,34.85,24764968,0,1,35.42,35.84,34.68,34.85,24764968
3/7/2018,33.99,35.82,33.99,35.76,33656143,0,1,33.99,35.82,33.99,35.76,33656143
3/6/2018,34.58,34.95,33.86,34.43,22592276,0,1,34.58,34.95,33.86,34.43,22592276
3/5/2018,32.9,34.95,32.58,34.58,34839998,0,1,32.9,34.95,32.58,34.58,34839998
3/2/2018,31.93,33.03,31.49,33,24918891,0,1,31.93,33.03,31.49,33,24918891
3/1/2018,31.95,32.56,31.26,32.24,25032477,0,1,31.95,32.56,31.26,32.24,25032477
2/28/2018,31.5,32.85,31.47,31.86,24101591,0,1,31.5,32.85,31.47,31.86,24101591
2/27/2018,31.91,32.21,31.26,31.32,16464903,0,1,31.91,32.21,31.26,31.32,16464903
2/26/2018,32.7,32.7,31.96,32.16,15742166,0,1,32.7,32.7,31.96,32.16,15742166
2/23/2018,32.2,32.69,31.97,32.66,17252683,0,1,32.2,32.69,31.97,32.66,17252683
2/22/2018,33.43,33.45,31.63,32.11,29128051,0,1,33.43,33.45,31.63,32.11,29128051
2/21/2018,33.03,34.055,32.6472,33.38,29431220,0,1,33.03,34.055,32.6472,33.38,29431220
2/20/2018,32.88,33.57,32.68,32.84,22677763,0,1,32.88,33.57,32.68,32.84,22677763
2/16/2018,33.37,33.5,32.68,33.06,27626996,0,1,33.37,33.5,32.68,33.06,27626996
2/15/2018,34.03,34.38,33.0599,33.61,31921343,0,1,34.03,34.38,33.0599,33.61,31921343
2/14/2018,32.85,33.98,32.55,33.75,38842195,0,1,32.85,33.98,32.55,33.75,38842195
2/13/2018,30.67,33.65,30.64,33.44,56959420,0,1,30.67,33.65,30.64,33.44,56959420
2/12/2018,31.44,31.9,30.8631,30.95,36913354,0,1,31.44,31.9,30.8631,30.95,36913354
2/9/2018,30.37,31.805,29.68,31.51,67006066,0,1,30.37,31.805,29.68,31.51,67006066
2/8/2018,34.15,35,29.71,30.18,161821748,0,1,34.15,35,29.71,30.18,161821748
2/7/2018,25.83,27.08,25.76,26.91,48572861,0,1,25.83,27.08,25.76,26.91,48572861
2/6/2018,24.59,25.58,24.2,25.24,26117878,0,1,24.59,25.58,24.2,25.24,26117878
2/5/2018,25.37,26.64,24.1,25.13,33745296,0,1,25.37,26.64,24.1,25.13,33745296
2/2/2018,26.56,27.0301,25.7,25.92,32315154,0,1,26.56,27.0301,25.7,25.92,32315154
2/1/2018,25.52,27.33,25.44,27.14,47326941,0,1,25.52,27.33,25.44,27.14,47326941
1/31/2018,25.61,26.65,25.14,25.81,40154779,0,1,25.61,26.65,25.14,25.81,40154779
1/30/2018,24.83,26.4,24.55,25.62,52270833,0,1,24.83,26.4,24.55,25.62,52270833
1/29/2018,24.4,25.55,24.1,25.18,52035231,0,1,24.4,25.55,24.1,25.18,52035231
1/26/2018,22.39,24.35,22.3,24.27,49416442,0,1,22.39,24.35,22.3,24.27,49416442
1/25/2018,22.5,22.68,22.04,22.16,15478961,0,1,22.5,22.68,22.04,22.16,15478961
1/24/2018,22.84,23.05,22.1,22.37,23163255,0,1,22.84,23.05,22.1,22.37,23163255
1/23/2018,22.51,23.1691,22.41,22.75,35200644,0,1,22.51,23.1691,22.41,22.75,35200644
1/22/2018,23.17,23.5,22.86,23.32,22903732,0,1,23.17,23.5,22.86,23.32,22903732
1/19/2018,24.12,24.22,23.5,23.66,16989849,0,1,24.12,24.22,23.5,23.66,16989849
1/18/2018,24.5,24.52,23.72,24.04,21011188,0,1,24.5,24.52,23.72,24.04,21011188
1/17/2018,24.84,24.95,24.22,24.56,17006557,0,1,24.84,24.95,24.22,24.56,17006557
1/16/2018,25.58,25.7089,24.51,24.66,32285575,0,1,25.58,25.7089,24.51,24.66,32285575
1/12/2018,24.94,25.85,24.93,25.41,36973010,0,1,24.94,25.85,24.93,25.41,36973010
1/11/2018,24.3,24.37,23.9,24.35,11597393,0,1,24.3,24.37,23.9,24.35,11597393
1/10/2018,24,24.42,23.76,24.25,10395506,0,1,24,24.42,23.76,24.25,10395506
1/9/2018,24.63,24.71,24.07,24.17,12550142,0,1,24.63,24.71,24.07,24.17,12550142
1/8/2018,24.37,24.78,23.88,24.59,17803434,0,1,24.37,24.78,23.88,24.59,17803434
1/5/2018,24.07,24.57,23.88,24.32,14934356,0,1,24.07,24.57,23.88,24.32,14934356
1/4/2018,24.5,24.59,23.685,23.99,17620709,0,1,24.5,24.59,23.685,23.99,17620709
1/3/2018,24.56,24.68,24.07,24.45,12792471,0,1,24.56,24.68,24.07,24.45,12792471
1/2/2018,24.07,24.57,23.85,24.51,15283036,0,1,24.07,24.57,23.85,24.51,15283036
12/29/2017,24.27,24.33,23.91,24.01,10312418,0,1,24.27,24.33,23.91,24.01,10312418
12/28/2017,24.25,24.6,24.17,24.31,9759331,0,1,24.25,24.6,24.17,24.31,9759331
12/27/2017,24.26,24.54,24.07,24.23,9015570,0,1,24.26,24.54,24.07,24.23,9015570
12/26/2017,24.26,24.57,24.13,24.26,10107838,0,1,24.26,24.57,24.13,24.26,10107838
12/22/2017,24.98,25.27,24.38,24.46,16054912,0,1,24.98,25.27,24.38,24.46,16054912
12/21/2017,25.055,25.56,24.7,25.05,19337488,0,1,25.055,25.56,24.7,25.05,19337488
12/20/2017,25.26,25.44,24.69,25.2,20644534,0,1,25.26,25.44,24.69,25.2,20644534
12/19/2017,24.59,25.49,23.92,25.08,45981251,0,1,24.59,25.49,23.92,25.08,45981251
12/18/2017,23.24,24.74,23.13,24.68,48506629,0,1,23.24,24.74,23.13,24.68,48506629
12/15/2017,22.61,22.86,22.185,22.23,17844982,0,1,22.61,22.86,22.185,22.23,17844982
12/14/2017,21.74,23.24,21.62,22.58,33978766,0,1,21.74,23.24,21.62,22.58,33978766
12/13/2017,21.77,21.98,21.52,21.66,14689951,0,1,21.77,21.98,21.52,21.66,14689951
12/12/2017,22.01,22.25,21.625,21.65,14269697,0,1,22.01,22.25,21.625,21.65,14269697
12/11/2017,21.1,22.2,21.1,22.05,17218025,0,1,21.1,22.2,21.1,22.05,17218025
12/8/2017,21.15,21.4,20.95,21.1,14865480,0,1,21.15,21.4,20.95,21.1,14865480
12/7/2017,21.12,21.45,20.97,21.01,11830847,0,1,21.12,21.45,20.97,21.01,11830847
12/6/2017,20.52,21.4,20.4,21.09,14010802,0,1,20.52,21.4,20.4,21.09,14010802
12/5/2017,20.3,20.93,20.3,20.77,10631297,0,1,20.3,20.93,20.3,20.77,10631297
12/4/2017,20.85,20.94,20.225,20.4,11627352,0,1,20.85,20.94,20.225,20.4,11627352
12/1/2017,20.52,20.98,20.12,20.71,15216287,0,1,20.52,20.98,20.12,20.71,15216287
11/30/2017,21.01,21.12,20.51,20.58,14341906,0,1,21.01,21.12,20.51,20.58,14341906
11/29/2017,21.82,22.11,20.52,20.79,23550105,0,1,21.82,22.11,20.52,20.79,23550105
11/28/2017,21.85,22.15,21.56,21.83,13813538,0,1,21.85,22.15,21.56,21.83,13813538
11/27/2017,22.36,22.4,21.7,21.82,19655728,0,1,22.36,22.4,21.7,21.82,19655728
11/24/2017,22.4,22.48,22.17,22.42,7584013,0,1,22.4,22.48,22.17,22.42,7584013
11/22/2017,21.9,22.4,21.8,22.27,21132706,0,1,21.9,22.4,21.8,22.27,21132706
11/21/2017,21.2,21.91,21.15,21.88,18197705,0,1,21.2,21.91,21.15,21.88,18197705
11/20/2017,20.78,21.26,20.7,21.13,16787347,0,1,20.78,21.26,20.7,21.13,16787347
11/17/2017,20.26,20.79,20.25,20.76,12780387,0,1,20.26,20.79,20.25,20.76,12780387
11/16/2017,20.06,20.49,19.985,20.36,12929376,0,1,20.06,20.49,19.985,20.36,12929376
11/15/2017,19.82,20.33,19.73,19.91,11177366,0,1,19.82,20.33,19.73,19.91,11177366
11/14/2017,20.17,20.445,19.88,20.05,11905891,0,1,20.17,20.445,19.88,20.05,11905891
11/13/2017,20.16,20.305,19.93,20.17,11706254,0,1,20.16,20.305,19.93,20.17,11706254
11/10/2017,19.79,20.58,19.74,20.32,16019995,0,1,19.79,20.58,19.74,20.32,16019995
11/9/2017,19.4,20.24,19.36,19.9,20244957,0,1,19.4,20.24,19.36,19.9,20244957
11/7/2017,19.55,20.18,19.51,19.66,22147504,0,1,19.55,20.18,19.51,19.66,22147504
11/6/2017,19.78,19.85,19.26,19.39,24893040,0,1,19.78,19.85,19.26,19.39,24893040
11/3/2017,19.87,20.24,19.52,19.9,22228887,0,1,19.87,20.24,19.52,19.9,22228887
11/2/2017,20.5,20.63,19.64,19.71,24376214,0,1,20.5,20.63,19.64,19.71,24376214
11/1/2017,20.74,20.99,20.4,20.61,18801449,0,1,20.74,20.99,20.4,20.61,18801449
10/31/2017,21.26,21.56,20.46,20.62,28013022,0,1,21.26,21.56,20.46,20.62,28013022
10/30/2017,21.4,21.775,21.06,21.25,33933167,0,1,21.4,21.775,21.06,21.25,33933167
10/27/2017,20.18,21.96,20.15,21.68,63418227,0,1,20.18,21.96,20.15,21.68,63418227
10/26/2017,19.22,20.63,18.9,20.31,112021977,0,1,19.22,20.63,18.9,20.31,112021977
10/25/2017,17.2,17.41,17.03,17.15,17738013,0,1,17.2,17.41,17.03,17.15,17738013
10/24/2017,17.5,17.6,17.23,17.25,12448294,0,1,17.5,17.6,17.23,17.25,12448294
10/23/2017,17.94,17.955,17.34,17.37,13971035,0,1,17.94,17.955,17.34,17.37,13971035
10/20/2017,17.98,18.06,17.83,17.87,7214672,0,1,17.98,18.06,17.83,17.87,7214672
10/19/2017,17.84,17.95,17.65,17.89,9275143,0,1,17.84,17.95,17.65,17.89,9275143
10/18/2017,18.23,18.35,17.97,18.02,7737230,0,1,18.23,18.35,17.97,18.02,7737230
10/17/2017,18.31,18.465,18.11,18.28,8906378,0,1,18.31,18.465,18.11,18.28,8906378
10/16/2017,18.59,18.61,18.23,18.33,12898039,0,1,18.59,18.61,18.23,18.33,12898039
10/13/2017,18.45,18.79,18.35,18.63,15767898,0,1,18.45,18.79,18.35,18.63,15767898
10/12/2017,17.77,18.66,17.73,18.45,30569996,0,1,17.77,18.66,17.73,18.45,30569996
10/11/2017,17.47,17.78,17.43,17.73,9846695,0,1,17.47,17.78,17.43,17.73,9846695
10/10/2017,17.77,17.93,17.39,17.41,10158369,0,1,17.77,17.93,17.39,17.41,10158369
10/9/2017,17.82,18.05,17.65,17.67,8791038,0,1,17.82,18.05,17.65,17.67,8791038
10/6/2017,18.03,18.13,17.66,17.85,16311895,0,1,18.03,18.13,17.66,17.85,16311895
10/5/2017,17.8,18.29,17.74,18.25,21224398,0,1,17.8,18.29,17.74,18.25,21224398
10/4/2017,17.82,17.82,17.5,17.75,17329822,0,1,17.82,17.82,17.5,17.75,17329822
10/3/2017,17.13,17.63,17.12,17.59,12849092,0,1,17.13,17.63,17.12,17.59,12849092
10/2/2017,16.8,17.15,16.78,17.09,8450015,0,1,16.8,17.15,16.78,17.09,8450015
9/29/2017,16.89,17.04,16.75,16.87,9348597,0,1,16.89,17.04,16.75,16.87,9348597
9/28/2017,16.87,16.93,16.75,16.85,7008110,0,1,16.87,16.93,16.75,16.85,7008110
9/27/2017,16.9,17.05,16.755,16.95,9060926,0,1,16.9,17.05,16.755,16.95,9060926
9/26/2017,17.03,17.16,16.57,16.59,12717292,0,1,17.03,17.16,16.57,16.59,12717292
9/25/2017,17.6,17.72,16.82,16.98,13207368,0,1,17.6,17.72,16.82,16.98,13207368
9/22/2017,17.49,17.6275,17.42,17.61,5532085,0,1,17.49,17.6275,17.42,17.61,5532085
9/21/2017,17.6,17.65,17.35,17.58,6943655,0,1,17.6,17.65,17.35,17.58,6943655
9/20/2017,17.8,17.84,17.51,17.62,7712779,0,1,17.8,17.84,17.51,17.62,7712779
9/19/2017,17.66,17.8,17.48,17.76,6977923,0,1,17.66,17.8,17.48,17.76,6977923
9/18/2017,18.01,18.09,17.47,17.6,14691468,0,1,18.01,18.09,17.47,17.6,14691468
9/15/2017,18.25,18.395,17.95,18.01,12588822,0,1,18.25,18.395,17.95,18.01,12588822
9/14/2017,18.15,18.27,17.94,18.21,9284139,0,1,18.15,18.27,17.94,18.21,9284139
9/13/2017,18.15,18.49,18.09,18.2,13660408,0,1,18.15,18.49,18.09,18.2,13660408
9/12/2017,17.7,18.29,17.7,18.17,19767363,0,1,17.7,18.29,17.7,18.17,19767363
9/11/2017,17.47,17.78,17.27,17.66,13929685,0,1,17.47,17.78,17.27,17.66,13929685
9/8/2017,17.19,17.46,17.08,17.45,11577866,0,1,17.19,17.46,17.08,17.45,11577866
9/7/2017,16.85,17.41,16.8301,17.22,14591885,0,1,16.85,17.41,16.8301,17.22,14591885
9/6/2017,16.65,17.05,16.5162,16.83,12327058,0,1,16.65,17.05,16.5162,16.83,12327058
9/5/2017,16.82,16.9,16.44,16.65,10454175,0,1,16.82,16.9,16.44,16.65,10454175
9/1/2017,16.97,17,16.58,16.86,8481993,0,1,16.97,17,16.58,16.86,8481993
8/31/2017,16.99,17.1,16.88,16.91,7833987,0,1,16.99,17.1,16.88,16.91,7833987
8/30/2017,16.92,17.04,16.8,16.93,6617987,0,1,16.92,17.04,16.8,16.93,6617987
8/29/2017,16.61,17.055,16.6,16.93,11406466,0,1,16.61,17.055,16.6,16.93,11406466
8/28/2017,16.61,16.88,16.61,16.77,7717685,0,1,16.61,16.88,16.61,16.77,7717685
8/25/2017,16.65,16.82,16.51,16.65,11486003,0,1,16.65,16.82,16.51,16.65,11486003
8/24/2017,17.07,17.07,16.78,16.89,10236741,0,1,17.07,17.07,16.78,16.89,10236741
8/23/2017,16.46,17.05,16.44,16.96,15120378,0,1,16.46,17.05,16.44,16.96,15120378
8/22/2017,16.14,16.65,16.14,16.63,11020244,0,1,16.14,16.65,16.14,16.63,11020244
8/21/2017,16,16.2534,15.9301,16.11,11998746,0,1,16,16.2534,15.9301,16.11,11998746
8/18/2017,15.85,16.07,15.77,15.99,7755624,0,1,15.85,16.07,15.77,15.99,7755624
8/17/2017,16.15,16.29,15.86,15.87,9139205,0,1,16.15,16.29,15.86,15.87,9139205
8/16/2017,15.97,16.36,15.96,16.16,15906097,0,1,15.97,16.36,15.96,16.16,15906097
8/15/2017,16.12,16.22,15.93,15.95,5933005,0,1,16.12,16.22,15.93,15.95,5933005
8/14/2017,16.15,16.28,16.01,16.09,9868308,0,1,16.15,16.28,16.01,16.09,9868308
8/11/2017,15.67,16.06,15.67,15.92,8396693,0,1,15.67,16.06,15.67,15.92,8396693
8/10/2017,16.03,16.18,15.73,15.75,11746067,0,1,16.03,16.18,15.73,15.75,11746067
8/9/2017,16.04,16.16,15.96,16.14,7725813,0,1,16.04,16.16,15.96,16.14,7725813
8/8/2017,16.33,16.48,16.05,16.15,12085962,0,1,16.33,16.48,16.05,16.15,12085962
8/7/2017,16.38,16.42,16.24,16.4,9094433,0,1,16.38,16.42,16.24,16.4,9094433
8/4/2017,16.2,16.43,16.1299,16.29,15009953,0,1,16.2,16.43,16.1299,16.29,15009953
8/3/2017,16.07,16.42,16.05,16.18,15050506,0,1,16.07,16.42,16.05,16.18,15050506
8/2/2017,16.21,16.29,15.945,16.07,13236620,0,1,16.21,16.29,15.945,16.07,13236620
8/1/2017,16.2,16.32,15.91,16.21,21566624,0,1,16.2,16.32,15.91,16.21,21566624
7/31/2017,16.6,16.62,16,16.09,35879678,0,1,16.6,16.62,16,16.09,35879678
7/28/2017,16.66,17.2,16.52,16.75,26149366,0,1,16.66,17.2,16.52,16.75,26149366
7/27/2017,17.36,17.6,16.5,16.84,86333292,0,1,17.36,17.6,16.5,16.84,86333292
7/26/2017,20,20.02,19.27,19.61,24047015,0,1,20,20.02,19.27,19.61,24047015
7/25/2017,19.98,20.185,19.69,19.97,13516928,0,1,19.98,20.185,19.69,19.97,13516928
7/24/2017,20.28,20.62,19.82,20,17108579,0,1,20.28,20.62,19.82,20,17108579
7/21/2017,20.35,20.36,20,20.11,15262604,0,1,20.35,20.36,20,20.11,15262604
7/20/2017,20.18,20.88,20.18,20.53,24405372,0,1,20.18,20.88,20.18,20.53,24405372
7/19/2017,20.03,20.21,19.83,20.12,13450048,0,1,20.03,20.21,19.83,20.12,13450048
7/18/2017,19.76,19.99,19.41,19.98,15497364,0,1,19.76,19.99,19.41,19.98,15497364
7/17/2017,19.8,20.2362,19.73,19.94,24029793,0,1,19.8,20.2362,19.73,19.94,24029793
7/14/2017,19.35,19.97,19.33,19.64,20786187,0,1,19.35,19.97,19.33,19.64,20786187
7/13/2017,19.54,19.67,19.08,19.32,17491332,0,1,19.54,19.67,19.08,19.32,17491332
7/12/2017,18.92,19.54,18.91,19.25,29947180,0,1,18.92,19.54,18.91,19.25,29947180
7/11/2017,18.14,18.66,18.1,18.64,17721249,0,1,18.14,18.66,18.1,18.64,17721249
7/10/2017,18.05,18.15,17.775,18.08,8560072,0,1,18.05,18.15,17.775,18.08,8560072
7/7/2017,18,18.335,17.97,18.02,13417876,0,1,18,18.335,17.97,18.02,13417876
7/6/2017,17.65,18.58,17.63,17.92,18579760,0,1,17.65,18.58,17.63,17.92,18579760
7/5/2017,17.68,17.9569,17.42,17.82,8809615,0,1,17.68,17.9569,17.42,17.82,8809615
7/3/2017,17.94,18.0073,17.41,17.65,9040399,0,1,17.94,18.0073,17.41,17.65,9040399
6/30/2017,17.66,18.075,17.47,17.87,13357270,0,1,17.66,18.075,17.47,17.87,13357270
6/29/2017,17.93,17.936,17.23,17.65,17665322,0,1,17.93,17.936,17.23,17.65,17665322
6/28/2017,18.22,18.235,17.75,17.95,17335023,0,1,18.22,18.235,17.75,17.95,17335023
6/27/2017,18.43,18.6,18.12,18.12,14707738,0,1,18.43,18.6,18.12,18.12,14707738
6/26/2017,18.55,19.01,18.11,18.29,17387714,0,1,18.55,19.01,18.11,18.29,17387714
6/23/2017,18.15,18.63,18.15,18.5,19530855,0,1,18.15,18.63,18.15,18.5,19530855
6/22/2017,17.85,18.38,17.66,18.15,20679559,0,1,17.85,18.38,17.66,18.15,20679559
6/21/2017,17.11,18.04,17.11,17.78,23609888,0,1,17.11,18.04,17.11,17.78,23609888
6/20/2017,17.15,17.15,16.84,16.91,8502171,0,1,17.15,17.15,16.84,16.91,8502171
6/19/2017,16.77,17.08,16.75,17.06,11299944,0,1,16.77,17.08,16.75,17.06,11299944
6/16/2017,16.75,16.81,16.55,16.67,9916410,0,1,16.75,16.81,16.55,16.67,9916410
6/15/2017,16.53,16.89,16.46,16.83,11869318,0,1,16.53,16.89,16.46,16.83,11869318
6/14/2017,17.05,17.13,16.57,16.76,12606139,0,1,17.05,17.13,16.57,16.76,12606139
6/13/2017,17.12,17.22,16.76,16.97,13214278,0,1,17.12,17.22,16.76,16.97,13214278
6/12/2017,16.73,17.1867,16.27,17.04,20486085,0,1,16.73,17.1867,16.27,17.04,20486085
6/9/2017,17.65,17.66,16.45,16.9,21248699,0,1,17.65,17.66,16.45,16.9,21248699
6/8/2017,17.44,17.61,17.27,17.59,10528981,0,1,17.44,17.61,17.27,17.59,10528981
6/7/2017,17.62,17.745,17.3,17.44,15839137,0,1,17.62,17.745,17.3,17.44,15839137
6/6/2017,18.1,18.15,17.47,17.57,22742960,0,1,18.1,18.15,17.47,17.57,22742960
6/5/2017,18.29,18.34,18.02,18.23,10536991,0,1,18.29,18.34,18.02,18.23,10536991
6/2/2017,18.53,18.58,18.22,18.31,9367631,0,1,18.53,18.58,18.22,18.31,9367631
6/1/2017,18.22,18.66,18.2,18.53,13157802,0,1,18.22,18.66,18.2,18.53,13157802
5/31/2017,18.48,18.6,18.08,18.32,17259374,0,1,18.48,18.6,18.08,18.32,17259374
5/30/2017,18.21,18.72,18.18,18.43,18182979,0,1,18.21,18.72,18.18,18.43,18182979
5/26/2017,17.99,18.3,17.95,18.23,10421985,0,1,17.99,18.3,17.95,18.23,10421985
5/25/2017,18.04,18.27,17.94,17.95,9539766,0,1,18.04,18.27,17.94,17.95,9539766
5/24/2017,18.1,18.34,17.83,17.98,15459917,0,1,18.1,18.34,17.83,17.98,15459917
5/23/2017,18.41,18.5133,17.98,18.15,16797183,0,1,18.41,18.5133,17.98,18.15,16797183
5/22/2017,18.35,18.52,18.27,18.43,11279284,0,1,18.35,18.52,18.27,18.43,11279284
5/19/2017,18.68,18.9,18.27,18.35,16103068,0,1,18.68,18.9,18.27,18.35,16103068
5/18/2017,18.17,18.61,17.97,18.51,19782310,0,1,18.17,18.61,17.97,18.51,19782310
5/17/2017,18.9883,19.25,18.22,18.28,30011013,0,1,18.9883,19.25,18.22,18.28,30011013
5/16/2017,19.38,19.785,19.09,19.49,35530948,0,1,19.38,19.785,19.09,19.49,35530948
5/15/2017,18.69,19.3184,18.63,19.23,22579879,0,1,18.69,19.3184,18.63,19.23,22579879
5/12/2017,18.45,19.05,18.34,18.61,21953035,0,1,18.45,19.05,18.34,18.61,21953035
5/11/2017,18.63,18.745,18.31,18.39,12428561,0,1,18.63,18.745,18.31,18.39,12428561
5/10/2017,18.37,18.56,18.25,18.54,9925652,0,1,18.37,18.56,18.25,18.54,9925652
5/9/2017,18.31,18.49,18.195,18.37,12461317,0,1,18.31,18.49,18.195,18.37,12461317
5/8/2017,18.68,18.68,18.16,18.31,18903525,0,1,18.68,18.68,18.16,18.31,18903525
5/5/2017,18.45,18.725,18.37,18.69,15021615,0,1,18.45,18.725,18.37,18.69,15021615
5/4/2017,18.6,18.89,18.36,18.48,24565295,0,1,18.6,18.89,18.36,18.48,24565295
5/3/2017,18.37,18.595,18.15,18.57,29514835,0,1,18.37,18.595,18.15,18.57,29514835
5/2/2017,17.57,18.53,17.35,18.24,63781263,0,1,17.57,18.53,17.35,18.24,63781263
5/1/2017,17.14,17.65,16.97,17.54,47011243,0,1,17.14,17.65,16.97,17.54,47011243
4/28/2017,16.5,16.79,16.43,16.48,25662188,0,1,16.5,16.79,16.43,16.48,25662188
4/27/2017,15.8,16.63,15.8,16.61,40805736,0,1,15.8,16.63,15.8,16.61,40805736
4/26/2017,15.9,16.48,15.76,15.82,79001055,0,1,15.9,16.48,15.76,15.82,79001055
4/25/2017,14.71,14.96,14.63,14.66,20239408,0,1,14.71,14.96,14.63,14.66,20239408
4/24/2017,14.7,14.82,14.56,14.71,12779234,0,1,14.7,14.82,14.56,14.71,12779234
4/21/2017,14.65,14.75,14.41,14.63,13788561,0,1,14.65,14.75,14.41,14.63,13788561
4/20/2017,14.58,14.75,14.51,14.65,9552461,0,1,14.58,14.75,14.51,14.65,9552461
4/19/2017,14.44,14.79,14.44,14.54,14268086,0,1,14.44,14.79,14.44,14.54,14268086
4/18/2017,14.37,14.56,14.27,14.44,9701933,0,1,14.37,14.56,14.27,14.44,9701933
4/17/2017,14.3,14.55,14.12,14.4,10402739,0,1,14.3,14.55,14.12,14.4,10402739
4/13/2017,14.49,14.5,14.22,14.3,10554106,0,1,14.49,14.5,14.22,14.3,10554106
4/12/2017,14.34,14.78,14.26,14.42,12916443,0,1,14.34,14.78,14.26,14.42,12916443
4/11/2017,14.3,14.4,14.2,14.31,7590752,0,1,14.3,14.4,14.2,14.31,7590752
4/10/2017,14.3,14.46,14.2,14.36,10005913,0,1,14.3,14.46,14.2,14.36,10005913
4/7/2017,14.36,14.43,14.25,14.29,8247515,0,1,14.36,14.43,14.25,14.29,8247515
4/6/2017,14.53,14.62,14.3,14.39,18106706,0,1,14.53,14.62,14.3,14.39,18106706
4/5/2017,14.61,14.815,14.41,14.53,13823697,0,1,14.61,14.815,14.41,14.53,13823697
4/4/2017,14.75,14.76,14.58,14.69,8925338,0,1,14.75,14.76,14.58,14.69,8925338
4/3/2017,14.97,14.98,14.65,14.84,11593107,0,1,14.97,14.98,14.65,14.84,11593107
3/31/2017,14.93,15.06,14.91,14.95,8402610,0,1,14.93,15.06,14.91,14.95,8402610
3/30/2017,15.05,15.08,14.9,14.92,8446411,0,1,15.05,15.08,14.9,14.92,8446411
3/29/2017,14.86,15.06,14.7,15.04,11080006,0,1,14.86,15.06,14.7,15.04,11080006
3/28/2017,15,15.17,14.8,14.94,14824613,0,1,15,15.17,14.8,14.94,14824613
3/27/2017,15.02,15.055,14.75,14.99,10461305,0,1,15.02,15.055,14.75,14.99,10461305
3/24/2017,15.06,15.37,15.03,15.14,15544746,0,1,15.06,15.37,15.03,15.14,15544746
3/23/2017,14.99,15.05,14.73,14.93,11631874,0,1,14.99,15.05,14.73,14.93,11631874
3/22/2017,14.5,14.99,14.32,14.98,21050310,0,1,14.5,14.99,14.32,14.98,21050310
3/21/2017,15.08,15.1,14.5,14.54,19099006,0,1,15.08,15.1,14.5,14.54,19099006
3/20/2017,15.11,15.11,14.82,15.09,12501894,0,1,15.11,15.11,14.82,15.09,12501894
3/17/2017,15.2,15.23,15.03,15.08,10989782,0,1,15.2,15.23,15.03,15.08,10989782
3/16/2017,15.08,15.28,15.04,15.19,11665929,0,1,15.08,15.28,15.04,15.19,11665929
3/15/2017,15.25,15.3,14.85,15.03,19381783,0,1,15.25,15.3,14.85,15.03,19381783
3/14/2017,15.2,15.58,15.15,15.32,15046532,0,1,15.2,15.58,15.15,15.32,15046532
3/13/2017,15.1,15.27,15.1,15.21,8727459,0,1,15.1,15.27,15.1,15.21,8727459
3/10/2017,15.23,15.27,14.94,15.12,13691731,0,1,15.23,15.27,14.94,15.12,13691731
3/9/2017,15.24,15.385,15.03,15.22,10963474,0,1,15.24,15.385,15.03,15.22,10963474
3/8/2017,15.19,15.36,15.08,15.24,12657128,0,1,15.19,15.36,15.08,15.24,12657128
3/7/2017,15.52,15.73,15.16,15.18,16675226,0,1,15.52,15.73,15.16,15.18,16675226
3/6/2017,15.75,15.78,15.5,15.56,11463950,0,1,15.75,15.78,15.5,15.56,11463950
3/3/2017,15.84,16.1,15.68,15.75,15194477,0,1,15.84,16.1,15.68,15.75,15194477
3/2/2017,15.77,16,15.72,15.79,12397694,0,1,15.77,16,15.72,15.79,12397694
3/1/2017,15.9,15.9,15.585,15.79,18165341,0,1,15.9,15.9,15.585,15.79,18165341
2/28/2017,16,16.04,15.74,15.77,10857893,0,1,16,16.04,15.74,15.77,10857893
2/27/2017,15.93,16.13,15.72,16.06,13640298,0,1,15.93,16.13,15.72,16.06,13640298
2/24/2017,15.95,15.985,15.85,15.98,9133860,0,1,15.95,15.985,15.85,15.98,9133860
2/23/2017,16.12,16.27,15.9,16.03,15304539,0,1,16.12,16.27,15.9,16.03,15304539
2/22/2017,16.4,16.5101,16.01,16.08,13606184,0,1,16.4,16.5101,16.01,16.08,13606184
2/21/2017,16.64,16.69,16.3,16.42,16004916,0,1,16.64,16.69,16.3,16.42,16004916
2/17/2017,16.36,16.625,16.36,16.62,14372892,0,1,16.36,16.625,16.36,16.62,14372892
2/16/2017,16.69,16.79,16.32,16.35,21636195,0,1,16.69,16.79,16.32,16.35,21636195
2/15/2017,16.85,16.89,16.3,16.74,35204804,0,1,16.85,16.89,16.3,16.74,35204804
2/14/2017,15.92,16.6,15.85,16.52,34894264,0,1,15.92,16.6,15.85,16.52,34894264
2/13/2017,15.63,15.99,15.51,15.81,29143701,0,1,15.63,15.99,15.51,15.81,29143701
2/10/2017,15.96,16,15.5,15.58,73061193,0,1,15.96,16,15.5,15.58,73061193
2/9/2017,17.05,17.12,16.26,16.41,109299298,0,1,17.05,17.12,16.26,16.41,109299298
2/8/2017,18.77,18.77,18.045,18.72,37353513,0,1,18.77,18.77,18.045,18.72,37353513
2/7/2017,18,18.67,17.99,18.26,26806263,0,1,18,18.67,17.99,18.26,26806263
2/6/2017,17.7,17.97,17.41,17.93,13196896,0,1,17.7,17.97,17.41,17.93,13196896
2/3/2017,17.72,17.85,17.44,17.61,14398211,0,1,17.72,17.85,17.44,17.61,14398211
2/2/2017,17.33,17.86,17.12,17.78,19415648,0,1,17.33,17.86,17.12,17.78,19415648
2/1/2017,17.84,17.92,17.1,17.24,21199890,0,1,17.84,17.92,17.1,17.24,21199890
1/31/2017,16.95,17.74,16.91,17.62,25856118,0,1,16.95,17.74,16.91,17.62,25856118
1/30/2017,16.57,17.1,16.41,16.94,18273190,0,1,16.57,17.1,16.41,16.94,18273190
1/27/2017,16.91,16.97,16.53,16.57,11848956,0,1,16.91,16.97,16.53,16.57,11848956
1/26/2017,16.86,17.07,16.79,16.81,10078133,0,1,16.86,17.07,16.79,16.81,10078133
1/25/2017,16.7,16.79,16.59,16.73,10969267,0,1,16.7,16.79,16.59,16.73,10969267
1/24/2017,16.61,16.6579,16.33,16.52,12737164,0,1,16.61,16.6579,16.33,16.52,12737164
1/23/2017,16.57,16.81,16.46,16.61,11781279,0,1,16.57,16.81,16.46,16.61,11781279
1/20/2017,16.82,16.9,16.46,16.58,14818460,0,1,16.82,16.9,16.46,16.58,14818460
1/19/2017,17.09,17.15,16.75,16.79,12735487,0,1,17.09,17.15,16.75,16.79,12735487
1/18/2017,17.01,17.14,16.83,17.11,12708384,0,1,17.01,17.14,16.83,17.11,12708384
1/17/2017,17.07,17.09,16.86,16.96,13151088,0,1,17.07,17.09,16.86,16.96,13151088
1/13/2017,17.38,17.66,17.23,17.25,11385947,0,1,17.38,17.66,17.23,17.25,11385947
1/12/2017,17.13,17.39,16.96,17.38,12372743,0,1,17.13,17.39,16.96,17.38,12372743
1/11/2017,17.46,17.6,17.17,17.3,10981465,0,1,17.46,17.6,17.17,17.3,10981465
1/10/2017,17.51,17.78,17.32,17.37,10472834,0,1,17.51,17.78,17.32,17.37,10472834
1/9/2017,17.22,17.555,17.19,17.5,11912436,0,1,17.22,17.555,17.19,17.5,11912436
1/6/2017,17.24,17.43,17.11,17.17,14665118,0,1,17.24,17.43,17.11,17.17,14665118
1/5/2017,16.91,17.27,16.8,17.09,17058198,0,1,16.91,17.27,16.8,17.09,17058198
1/4/2017,16.5,16.94,16.5,16.86,15856466,0,1,16.5,16.94,16.5,16.86,15856466
1/3/2017,16.31,16.45,16.21,16.44,11147866,0,1,16.31,16.45,16.21,16.44,11147866
12/30/2016,16.31,16.5701,16.22,16.3,14008737,0,1,16.31,16.5701,16.22,16.3,14008737
12/29/2016,16.39,16.65,16.3,16.39,14697888,0,1,16.39,16.65,16.3,16.39,14697888
12/28/2016,16.63,16.7332,16.2914,16.39,13492462,0,1,16.63,16.7332,16.2914,16.39,13492462
12/27/2016,16.52,16.87,16.42,16.61,13027553,0,1,16.52,16.87,16.42,16.61,13027553
12/23/2016,16.34,16.6734,16.16,16.5,18043237,0,1,16.34,16.6734,16.16,16.5,18043237
12/22/2016,16.82,16.89,16.27,16.41,27934064,0,1,16.82,16.89,16.27,16.41,27934064
12/21/2016,17.52,17.55,17.01,17.08,34510461,0,1,17.52,17.55,17.01,17.08,34510461
12/20/2016,18.23,18.3218,17.87,17.92,16801686,0,1,18.23,18.3218,17.87,17.92,16801686
12/19/2016,18.6,18.7,18.22,18.24,12238517,0,1,18.6,18.7,18.22,18.24,12238517
12/16/2016,18.76,18.89,18.53,18.63,14229702,0,1,18.76,18.89,18.53,18.63,14229702
12/15/2016,18.94,19.15,18.71,18.79,11957850,0,1,18.94,19.15,18.71,18.79,11957850
12/14/2016,19.4,19.62,18.89,18.93,13429615,0,1,19.4,19.62,18.89,18.93,13429615
12/13/2016,18.97,19.59,18.94,19.37,15132159,0,1,18.97,19.59,18.94,19.37,15132159
12/12/2016,19.48,19.7,18.9,18.93,15597520,0,1,19.48,19.7,18.9,18.93,15597520
12/9/2016,19.56,19.84,19.3832,19.65,15956083,0,1,19.56,19.84,19.3832,19.65,15956083
12/8/2016,19.5,19.71,19.08,19.64,19682889,0,1,19.5,19.71,19.08,19.64,19682889
12/7/2016,18.26,19.55,18.2,19.48,32188576,0,1,18.26,19.55,18.2,19.48,32188576
12/6/2016,18.31,18.5,18.1307,18.23,14032971,0,1,18.31,18.5,18.1307,18.23,14032971
12/5/2016,17.96,18.36,17.87,18.23,12121693,0,1,17.96,18.36,17.87,18.23,12121693
12/2/2016,18,18.16,17.86,17.93,12188795,0,1,18,18.16,17.86,17.93,12188795
12/1/2016,18.82,18.83,17.735,18.03,19600497,0,1,18.82,18.83,17.735,18.03,19600497
11/30/2016,18.2,18.8,18.18,18.49,20573440,0,1,18.2,18.8,18.18,18.49,20573440
11/29/2016,18.22,18.6801,18.13,18.19,13532792,0,1,18.22,18.6801,18.13,18.19,13532792
11/28/2016,18,18.3,17.85,18.3,19281803,0,1,18,18.3,17.85,18.3,19281803
11/25/2016,18.27,18.31,18.03,18.06,7862681,0,1,18.27,18.31,18.03,18.06,7862681
11/23/2016,18.45,18.59,18.08,18.22,16975254,0,1,18.45,18.59,18.08,18.22,16975254
11/22/2016,18.66,18.87,18.51,18.63,10687286,0,1,18.66,18.87,18.51,18.63,10687286
11/21/2016,18.72,18.91,18.59,18.6,13095559,0,1,18.72,18.91,18.59,18.6,13095559
11/18/2016,18.73,18.91,18.64,18.73,12503189,0,1,18.73,18.91,18.64,18.73,12503189
11/17/2016,18.7,18.9601,18.53,18.55,16241557,0,1,18.7,18.9601,18.53,18.55,16241557
11/16/2016,18.98,19.151,18.59,18.63,14986694,0,1,18.98,19.151,18.59,18.63,14986694
11/15/2016,19.15,19.51,18.91,18.98,19557951,0,1,19.15,19.51,18.91,18.98,19557951
11/14/2016,18.75,19.2,18.5,19.14,23121279,0,1,18.75,19.2,18.5,19.14,23121279
11/11/2016,18.35,18.729,18.07,18.55,15363776,0,1,18.35,18.729,18.07,18.55,15363776
11/10/2016,19.04,19.3,18.03,18.37,31057583,0,1,19.04,19.3,18.03,18.37,31057583
11/9/2016,17.96,19.235,17.91,19.13,34170184,0,1,17.96,19.235,17.91,19.13,34170184
11/8/2016,18.22,18.56,17.77,18.38,19946455,0,1,18.22,18.56,17.77,18.38,19946455
11/7/2016,18.11,18.69,18.11,18.41,26006168,0,1,18.11,18.69,18.11,18.41,26006168
11/4/2016,17.52,18.34,17.5,18.02,30976650,0,1,17.52,18.34,17.5,18.02,30976650
11/3/2016,17.55,17.8599,17.26,17.58,17039294,0,1,17.55,17.8599,17.26,17.58,17039294
11/2/2016,17.43,17.95,17.38,17.61,20914188,0,1,17.43,17.95,17.38,17.61,20914188
11/1/2016,17.84,18,17.261,17.49,22607854,0,1,17.84,18,17.261,17.49,22607854
10/31/2016,17.65,18.04,17.64,17.95,19513519,0,1,17.65,18.04,17.64,17.95,19513519
10/28/2016,17.7,18,17.5,17.66,29341755,0,1,17.7,18,17.5,17.66,29341755
10/27/2016,18,18.12,17.07,17.4,63791893,0,1,18,18.12,17.07,17.4,63791893
10/26/2016,17.58,17.66,17.17,17.29,35164049,0,1,17.58,17.66,17.17,17.29,35164049
10/25/2016,17.82,17.84,17.15,17.26,31369125,0,1,17.82,17.84,17.15,17.26,31369125
10/24/2016,17.6,18.37,17.49,18.03,41735472,0,1,17.6,18.37,17.49,18.03,41735472
10/21/2016,16.95,18.35,16.74,18.09,58438790,0,1,16.95,18.35,16.74,18.09,58438790
10/20/2016,17.04,17.07,16.82,16.9,15096019,0,1,17.04,17.07,16.82,16.9,15096019
10/19/2016,16.94,17.26,16.88,17.07,17392381,0,1,16.94,17.26,16.88,17.07,17392381
10/18/2016,16.86,17.13,16.79,16.83,18479753,0,1,16.86,17.13,16.79,16.83,18479753
10/17/2016,16.76,16.9793,16.43,16.73,25800559,0,1,16.76,16.9793,16.43,16.73,25800559
10/14/2016,17.88,18.05,16.28,16.88,73596764,0,1,17.88,18.05,16.28,16.88,73596764
10/13/2016,17.86,17.99,17.67,17.79,18688297,0,1,17.86,17.99,17.67,17.79,18688297
10/12/2016,18.19,18.19,17.81,18.05,23507927,0,1,18.19,18.19,17.81,18.05,23507927
10/11/2016,18.18,18.2,17.65,18,49095033,0,1,18.18,18.2,17.65,18,49095033
10/10/2016,17.49,18.24,16.93,17.56,105887343,0,1,17.49,18.24,16.93,17.56,105887343
10/7/2016,19.95,20.53,19.645,19.85,38647310,0,1,19.95,20.53,19.645,19.85,38647310
10/6/2016,20.46,21,19.6,19.87,109256533,0,1,20.46,21,19.6,19.87,109256533
10/5/2016,24.32,25.25,24.13,24.87,63716832,0,1,24.32,25.25,24.13,24.87,63716832
10/4/2016,23.75,23.79,23.34,23.52,22230724,0,1,23.75,23.79,23.34,23.52,22230724
10/3/2016,23.78,24.25,23.455,24,37509897,0,1,23.78,24.25,23.455,24,37509897
9/30/2016,23.02,23.25,22.82,23.05,16858640,0,1,23.02,23.25,22.82,23.05,16858640
9/29/2016,22.92,23.36,22.86,23.01,26423986,0,1,22.92,23.36,22.86,23.01,26423986
9/28/2016,23.42,23.63,22.44,22.96,44443106,0,1,23.42,23.63,22.44,22.96,44443106
9/27/2016,23.21,23.98,22.9,23.72,65489542,0,1,23.21,23.98,22.9,23.72,65489542
9/26/2016,21.79,23.57,21.65,23.37,95311065,0,1,21.79,23.57,21.65,23.37,95311065
9/23/2016,21.5,22.89,21.11,22.62,192213628,0,1,21.5,22.89,21.11,22.62,192213628
9/22/2016,18.52,18.92,18.44,18.63,16008020,0,1,18.52,18.92,18.44,18.63,16008020
9/21/2016,18.44,18.5,18.13,18.49,16211539,0,1,18.44,18.5,18.13,18.49,16211539
9/20/2016,18.3,18.64,18.23,18.39,15895962,0,1,18.3,18.64,18.23,18.39,15895962
9/19/2016,19.22,19.24,18.28,18.36,23323653,0,1,19.22,19.24,18.28,18.36,23323653
9/16/2016,18.9,19.25,18.74,19.11,40293095,0,1,18.9,19.25,18.74,19.11,40293095
9/15/2016,18.3,18.42,18.06,18.3,14496695,0,1,18.3,18.42,18.06,18.3,14496695
9/14/2016,17.93,18.39,17.9,18.08,16104751,0,1,17.93,18.39,17.9,18.08,16104751
9/13/2016,17.99,18.1,17.52,17.76,15890043,0,1,17.99,18.1,17.52,17.76,15890043
9/12/2016,17.96,18.24,17.68,18.15,18286500,0,1,17.96,18.24,17.68,18.15,18286500
9/9/2016,18.4,18.82,17.92,18.11,30859215,0,1,18.4,18.82,17.92,18.11,30859215
9/8/2016,18.81,19.31,18.59,18.7,45229547,0,1,18.81,19.31,18.59,18.7,45229547
9/7/2016,20.05,20.65,19.795,19.87,26568494,0,1,20.05,20.65,19.795,19.87,26568494
9/6/2016,19.74,20.14,19.4775,19.93,24158508,0,1,19.74,20.14,19.4775,19.93,24158508
9/2/2016,19.62,19.87,19.35,19.55,19866170,0,1,19.62,19.87,19.35,19.55,19866170
9/1/2016,19.37,20.14,19.27,19.5,39755902,0,1,19.37,20.14,19.27,19.5,39755902
8/31/2016,18.39,19.6,18.38,19.21,34222625,0,1,18.39,19.6,18.38,19.21,34222625
8/30/2016,18.59,18.69,18.32,18.38,8895546,0,1,18.59,18.69,18.32,18.38,8895546
8/29/2016,18.39,18.55,18.3,18.47,11409168,0,1,18.39,18.55,18.3,18.47,11409168
8/26/2016,18.4,18.53,18.1,18.3,11225899,0,1,18.4,18.53,18.1,18.3,11225899
8/25/2016,18.33,18.65,18.23,18.32,13256882,0,1,18.33,18.65,18.23,18.32,13256882
8/24/2016,18.8,18.97,18.2,18.25,16756484,0,1,18.8,18.97,18.2,18.25,16756484
8/23/2016,18.65,18.93,18.65,18.69,14075873,0,1,18.65,18.93,18.65,18.69,14075873
8/22/2016,18.95,18.96,18.52,18.55,17497567,0,1,18.95,18.96,18.52,18.55,17497567
8/19/2016,18.96,19.31,18.76,18.98,17009616,0,1,18.96,19.31,18.76,18.98,17009616
8/18/2016,19.56,19.6,18.92,19,47582533,0,1,19.56,19.6,18.92,19,47582533
8/17/2016,20.43,20.44,19.9,20.17,22755659,0,1,20.43,20.44,19.9,20.17,22755659
8/16/2016,20.78,20.79,20.29,20.4,23527718,0,1,20.78,20.79,20.29,20.4,23527718
8/15/2016,19.85,21.1,19.83,20.86,58856771,0,1,19.85,21.1,19.83,20.86,58856771
8/12/2016,19.71,19.71,19.01,19.54,28380207,0,1,19.71,19.71,19.01,19.54,28380207
8/11/2016,19.17,19.83,19.1138,19.78,30959549,0,1,19.17,19.83,19.1138,19.78,30959549
8/10/2016,18.67,19.57,18.56,19.04,28645020,0,1,18.67,19.57,18.56,19.04,28645020
8/9/2016,18.17,18.79,17.971,18.68,19311410,0,1,18.17,18.79,17.971,18.68,19311410
8/8/2016,18.25,18.48,17.935,18.2,15485126,0,1,18.25,18.48,17.935,18.2,15485126
8/5/2016,18.19,18.58,18.14,18.26,22811743,0,1,18.19,18.58,18.14,18.26,22811743
8/4/2016,17.57,18.31,17.36,18.13,33100532,0,1,17.57,18.31,17.36,18.13,33100532
8/3/2016,16.34,17.88,16.33,17.61,55584629,0,1,16.34,17.88,16.33,17.61,55584629
8/2/2016,16.61,16.7,16.2,16.42,16611322,0,1,16.61,16.7,16.2,16.42,16611322
8/1/2016,16.65,16.85,16.4,16.64,26025346,0,1,16.65,16.85,16.4,16.64,26025346
7/29/2016,16.39,16.74,16.24,16.64,26015428,0,1,16.39,16.74,16.24,16.64,26015428
7/28/2016,15.89,16.34,15.88,16.31,31442403,0,1,15.89,16.34,15.88,16.31,31442403
7/27/2016,16.34,16.59,15.69,15.77,83100546,0,1,16.34,16.59,15.69,15.77,83100546
7/26/2016,18.52,18.65,18.164,18.45,43865915,0,1,18.52,18.65,18.164,18.45,43865915
7/25/2016,18.43,18.7,18.17,18.65,21453271,0,1,18.43,18.7,18.17,18.65,21453271
7/22/2016,18.12,18.3893,17.76,18.37,19639487,0,1,18.12,18.3893,17.76,18.37,19639487
7/21/2016,18.57,18.8,18.35,18.39,13928228,0,1,18.57,18.8,18.35,18.39,13928228
7/20/2016,18.52,18.76,18.45,18.56,15026338,0,1,18.52,18.76,18.45,18.56,15026338
7/19/2016,18.51,18.895,18.27,18.33,27276664,0,1,18.51,18.895,18.27,18.33,27276664
7/18/2016,18.29,18.75,18.05,18.65,29701125,0,1,18.29,18.75,18.05,18.65,29701125
7/15/2016,17.98,18.18,17.81,18.08,17363591,0,1,17.98,18.18,17.81,18.08,17363591
7/14/2016,18.02,18.28,17.911,17.96,19553421,0,1,18.02,18.28,17.911,17.96,19553421
7/13/2016,18.21,18.32,17.5,17.74,17916199,0,1,18.21,18.32,17.5,17.74,17916199
7/12/2016,17.98,18.38,17.92,18.1,23783804,0,1,17.98,18.38,17.92,18.1,23783804
7/11/2016,17.59,17.88,17.52,17.71,24029857,0,1,17.59,17.88,17.52,17.71,24029857
7/8/2016,17.53,18.1649,17.47,18.08,24883974,0,1,17.53,18.1649,17.47,18.08,24883974
7/7/2016,17.24,17.675,17.24,17.37,13492885,0,1,17.24,17.675,17.24,17.37,13492885
7/6/2016,17.02,17.34,16.81,17.2,15659886,0,1,17.02,17.34,16.81,17.2,15659886
7/5/2016,17.25,17.28,16.76,17.14,15709666,0,1,17.25,17.28,16.76,17.14,15709666
7/1/2016,16.93,17.5,16.9,17.28,20724755,0,1,16.93,17.5,16.9,17.28,20724755
6/30/2016,16.8,17,16.73,16.91,14111037,0,1,16.8,17,16.73,16.91,14111037
6/29/2016,16.6,17.01,16.43,16.83,18235982,0,1,16.6,17.01,16.43,16.83,18235982
6/28/2016,16.24,16.64,16.16,16.42,18689040,0,1,16.24,16.64,16.16,16.42,18689040
6/27/2016,16.29,16.4,15.46,15.84,23546607,0,1,16.29,16.4,15.46,15.84,23546607
6/24/2016,16.24,16.9,16.2,16.44,31528500,0,1,16.24,16.9,16.2,16.44,31528500
6/23/2016,16.3,17.07,16.28,17.04,25262190,0,1,16.3,17.07,16.28,17.04,25262190
6/22/2016,16.27,16.32,16.045,16.13,13743145,0,1,16.27,16.32,16.045,16.13,13743145
6/21/2016,16.48,16.56,16.17,16.32,15045392,0,1,16.48,16.56,16.17,16.32,15045392
6/20/2016,16.34,16.64,16.15,16.34,22876114,0,1,16.34,16.64,16.15,16.34,22876114
6/17/2016,16.16,16.3689,15.96,16.1,32254067,0,1,16.16,16.3689,15.96,16.1,32254067
6/16/2016,15.9,15.95,15.4,15.87,23602807,0,1,15.9,15.95,15.4,15.87,23602807
6/15/2016,15.71,16.44,15.71,15.96,53519973,0,1,15.71,16.44,15.71,15.96,53519973
6/14/2016,14.82,15.42,14.8,15.36,37339618,0,1,14.82,15.42,14.8,15.36,37339618
6/13/2016,14.63,15.3,14.505,14.55,43101133,0,1,14.63,15.3,14.505,14.55,43101133
6/10/2016,14.45,14.45,14,14.02,22092785,0,1,14.45,14.45,14,14.02,22092785
6/9/2016,14.84,14.8595,14.59,14.6,12378823,0,1,14.84,14.8595,14.59,14.6,12378823
6/8/2016,15.07,15.12,14.81,14.95,12991012,0,1,15.07,15.12,14.81,14.95,12991012
6/7/2016,15.36,15.37,14.91,15,16517978,0,1,15.36,15.37,14.91,15,16517978
6/6/2016,15.22,15.45,15.18,15.27,13760216,0,1,15.22,15.45,15.18,15.27,13760216
6/3/2016,15.11,15.3489,14.96,15.2,15492922,0,1,15.11,15.3489,14.96,15.2,15492922
6/2/2016,15.04,15.26,14.8463,15.2,13186085,0,1,15.04,15.26,14.8463,15.2,13186085
6/1/2016,15.1,15.17,14.62,15.02,18247713,0,1,15.1,15.17,14.62,15.02,18247713
5/31/2016,15.12,15.49,15.08,15.22,24292612,0,1,15.12,15.49,15.08,15.22,24292612
5/27/2016,14.25,15.1,14.23,15.1,28355110,0,1,14.25,15.1,14.23,15.1,28355110
5/26/2016,14.45,14.48,14.19,14.3,21104050,0,1,14.45,14.48,14.19,14.3,21104050
5/25/2016,14.07,14.57,14.06,14.41,23181782,0,1,14.07,14.57,14.06,14.41,23181782
5/24/2016,14.22,14.22,13.725,14.03,36214274,0,1,14.22,14.22,13.725,14.03,36214274
5/23/2016,14.4,14.6,14.3301,14.41,12897379,0,1,14.4,14.6,14.3301,14.41,12897379
5/20/2016,14.2,14.51,14.16,14.43,18485309,0,1,14.2,14.51,14.16,14.43,18485309
5/19/2016,14.15,14.305,14.04,14.15,15882219,0,1,14.15,14.305,14.04,14.15,15882219
5/18/2016,14.35,14.57,14.05,14.14,14290137,0,1,14.35,14.57,14.05,14.14,14290137
5/17/2016,14.21,14.59,14.13,14.34,15578201,0,1,14.21,14.59,14.13,14.34,15578201
5/16/2016,14.09,14.37,14.06,14.29,11578612,0,1,14.09,14.37,14.06,14.29,11578612
5/13/2016,14.06,14.28,14,14.1,12706830,0,1,14.06,14.28,14,14.1,12706830
5/12/2016,14.63,14.68,14,14.08,19838725,0,1,14.63,14.68,14,14.08,19838725
5/11/2016,14.61,14.86,14.44,14.59,13788481,0,1,14.61,14.86,14.44,14.59,13788481
5/10/2016,14.17,14.69,14.16,14.63,14589898,0,1,14.17,14.69,14.16,14.63,14589898
5/9/2016,14.28,14.47,14.15,14.2,11458944,0,1,14.28,14.47,14.15,14.2,11458944
5/6/2016,14.12,14.4,13.98,14.4,21204753,0,1,14.12,14.4,13.98,14.4,21204753
5/5/2016,14.93,14.98,14.08,14.12,29102951,0,1,14.93,14.98,14.08,14.12,29102951
5/4/2016,13.95,14.878,13.92,14.84,41673511,0,1,13.95,14.878,13.92,14.84,41673511
5/3/2016,14.22,14.25,13.9,14.01,26027967,0,1,14.22,14.25,13.9,14.01,26027967
5/2/2016,14.73,14.77,14.17,14.4,26129215,0,1,14.73,14.77,14.17,14.4,26129215
4/29/2016,14.7,14.93,14.32,14.62,26873541,0,1,14.7,14.93,14.32,14.62,26873541
4/28/2016,14.85,15.09,14.62,14.64,34776386,0,1,14.85,15.09,14.62,14.64,34776386
4/27/2016,15.15,15.28,14.81,14.86,84769425,0,1,15.15,15.28,14.81,14.86,84769425
4/26/2016,17.21,17.98,17.08,17.75,44275458,0,1,17.21,17.98,17.08,17.75,44275458
4/25/2016,17.2,17.75,16.88,17.09,18992691,0,1,17.2,17.75,16.88,17.09,18992691
4/22/2016,17.33,17.51,17.02,17.23,14852523,0,1,17.33,17.51,17.02,17.23,14852523
4/21/2016,17.48,17.77,17.42,17.51,13601574,0,1,17.48,17.77,17.42,17.51,13601574
4/20/2016,16.94,17.52,16.9,17.4,17764285,0,1,16.94,17.52,16.9,17.4,17764285
4/19/2016,17.37,17.39,16.68,16.92,24780692,0,1,17.37,17.39,16.68,16.92,24780692
4/18/2016,17.71,17.72,17.06,17.31,17293730,0,1,17.71,17.72,17.06,17.31,17293730
4/15/2016,17.52,17.91,17.31,17.58,16346827,0,1,17.52,17.91,17.31,17.58,16346827
4/14/2016,17.38,17.7,17.14,17.53,16213177,0,1,17.38,17.7,17.14,17.53,16213177
4/13/2016,16.68,17.4,16.68,17.37,22639265,0,1,16.68,17.4,16.68,17.37,22639265
4/12/2016,16.5,16.77,16.15,16.57,14935630,0,1,16.5,16.77,16.15,16.57,14935630
4/11/2016,16.74,16.98,16.41,16.51,14197815,0,1,16.74,16.98,16.41,16.51,14197815
4/8/2016,17.12,17.25,16.41,16.65,18674780,0,1,17.12,17.25,16.41,16.65,18674780
4/7/2016,16.88,17.59,16.85,16.98,23295678,0,1,16.88,17.59,16.85,16.98,23295678
4/6/2016,17.12,17.48,16.9,17.26,23112794,0,1,17.12,17.48,16.9,17.26,23112794
4/5/2016,17.59,17.83,16.89,17.05,41686472,0,1,17.59,17.83,16.89,17.05,41686472
4/4/2016,16,17.5403,15.96,17.09,38236471,0,1,16,17.5403,15.96,17.09,38236471
4/1/2016,16.41,16.43,15.83,15.98,20998299,0,1,16.41,16.43,15.83,15.98,20998299
3/31/2016,16.4,16.84,16.21,16.55,18882700,0,1,16.4,16.84,16.21,16.55,18882700
3/30/2016,16.16,16.72,16.01,16.36,19364293,0,1,16.16,16.72,16.01,16.36,19364293
3/29/2016,15.69,15.99,15.33,15.97,17020241,0,1,15.69,15.99,15.33,15.97,17020241
3/28/2016,15.98,16.005,15.4,15.6,14126365,0,1,15.98,16.005,15.4,15.6,14126365
3/24/2016,15.94,15.988,15.565,15.91,14887215,0,1,15.94,15.988,15.565,15.91,14887215
3/23/2016,16.86,16.91,16.01,16.01,17974399,0,1,16.86,16.91,16.01,16.01,17974399
3/22/2016,16.75,17.01,16.7,16.86,9559593,0,1,16.75,17.01,16.7,16.86,9559593
3/21/2016,16.83,17.05,16.68,16.89,12551861,0,1,16.83,17.05,16.68,16.89,12551861
3/18/2016,17.08,17.38,16.76,16.85,21151481,0,1,17.08,17.38,16.76,16.85,21151481
3/17/2016,16.65,17.147,16.62,16.85,17042161,0,1,16.65,17.147,16.62,16.85,17042161
3/16/2016,16.33,16.77,16.13,16.7,24783644,0,1,16.33,16.77,16.13,16.7,24783644
3/15/2016,17,17.04,16.14,16.19,19717491,0,1,17,17.04,16.14,16.19,19717491
3/14/2016,16.81,17.32,16.79,17.12,16520464,0,1,16.81,17.32,16.79,17.12,16520464
3/11/2016,16.77,16.94,16.46,16.81,21486002,0,1,16.77,16.94,16.46,16.81,21486002
3/10/2016,17.69,17.7719,16.38,16.61,33192014,0,1,17.69,17.7719,16.38,16.61,33192014
3/9/2016,18.61,18.74,17.52,17.66,21543932,0,1,18.61,18.74,17.52,17.66,21543932
3/8/2016,19.1,19.15,18.33,18.33,16345701,0,1,19.1,19.15,18.33,18.33,16345701
3/7/2016,19.11,19.73,18.77,19.17,19724146,0,1,19.11,19.73,18.77,19.17,19724146
3/4/2016,19.45,20.32,19.06,19.36,30094802,0,1,19.45,20.32,19.06,19.36,30094802
3/3/2016,18.53,19.44,18.48,19.31,23234493,0,1,18.53,19.44,18.48,19.31,23234493
3/2/2016,17.85,18.74,17.715,18.54,17203664,0,1,17.85,18.74,17.715,18.54,17203664
3/1/2016,18.47,18.48,17.59,17.85,19325629,0,1,18.47,18.48,17.59,17.85,19325629
2/29/2016,17.96,18.57,17.78,18.12,17393560,0,1,17.96,18.57,17.78,18.12,17393560
2/26/2016,17.72,18.03,17.4975,17.94,16337799,0,1,17.72,18.03,17.4975,17.94,16337799
2/25/2016,17.93,17.95,17.31,17.59,22354319,0,1,17.93,17.95,17.31,17.59,22354319
2/24/2016,18,18.09,17.11,18,26678532,0,1,18,18.09,17.11,18,26678532
2/23/2016,18.56,18.96,18.1,18.3,25754714,0,1,18.56,18.96,18.1,18.3,25754714
2/22/2016,18.62,18.675,17.76,18.3,25005651,0,1,18.62,18.675,17.76,18.3,25005651
2/19/2016,18.16,18.88,17.77,18.31,23996087,0,1,18.16,18.88,17.77,18.31,23996087
2/18/2016,18.1,18.55,17.52,18.43,34553117,0,1,18.1,18.55,17.52,18.43,34553117
2/17/2016,16.47,17.6,16.43,17.46,25793189,0,1,16.47,17.6,16.43,17.46,25793189
2/16/2016,16.09,16.4,15.67,16.36,17273639,0,1,16.09,16.4,15.67,16.36,17273639
2/12/2016,14.54,15.94,14.53,15.88,35637522,0,1,14.54,15.94,14.53,15.88,35637522
2/11/2016,14.07,14.79,13.91,14.31,38622304,0,1,14.07,14.79,13.91,14.31,38622304
2/10/2016,14.55,15.28,14.52,14.98,40826148,0,1,14.55,15.28,14.52,14.98,40826148
2/9/2016,14.62,15.545,14.31,14.4,26784596,0,1,14.62,15.545,14.31,14.4,26784596
2/8/2016,15.51,15.55,14.73,14.9,24932812,0,1,15.51,15.55,14.73,14.9,24932812
2/5/2016,16.61,16.64,15.62,15.72,24057572,0,1,16.61,16.64,15.62,15.72,24057572
2/4/2016,16.4,17.175,16.29,16.91,18269587,0,1,16.4,17.175,16.29,16.91,18269587
2/3/2016,16.33,16.74,15.55,16.56,24298904,0,1,16.33,16.74,15.55,16.56,24298904
2/2/2016,17.22,17.27,16.01,16.08,31796837,0,1,17.22,17.27,16.01,16.08,31796837
2/1/2016,17.89,18.77,17.3,17.91,49967839,0,1,17.89,18.77,17.3,17.91,49967839
1/29/2016,16.64,17.07,16.51,16.8,16877972,0,1,16.64,17.07,16.51,16.8,16877972
1/28/2016,17.21,17.34,16.45,16.49,16819403,0,1,17.21,17.34,16.45,16.49,16819403
1/27/2016,17.01,17.62,16.77,16.78,16793257,0,1,17.01,17.62,16.77,16.78,16793257
1/26/2016,17.22,17.28,16.4,17.01,22103284,0,1,17.22,17.28,16.4,17.01,22103284
1/25/2016,16.8,17.45,16.51,17.02,33632284,0,1,16.8,17.45,16.51,17.02,33632284
1/22/2016,18.29,18.56,17.73,17.84,15577248,0,1,18.29,18.56,17.73,17.84,15577248
1/21/2016,17.44,18.32,16.8,17.83,26328916,0,1,17.44,18.32,16.8,17.83,26328916
1/20/2016,16.16,19.04,15.48,17.38,69155313,0,1,16.16,19.04,15.48,17.38,69155313
1/19/2016,18.18,18.18,16.43,16.69,24225305,0,1,18.18,18.18,16.43,16.69,24225305
1/15/2016,18.23,18.53,17.61,17.94,24587659,0,1,18.23,18.53,17.61,17.94,24587659
1/14/2016,18.55,19.16,17.27,19,37104131,0,1,18.55,19.16,17.27,19,37104131
1/13/2016,19.7,19.76,18.47,18.68,35875957,0,1,19.7,19.76,18.47,18.68,35875957
1/12/2016,19.87,20.41,19.32,19.62,14588416,0,1,19.87,20.41,19.32,19.62,14588416
1/11/2016,20.12,20.2,19.26,19.65,21325297,0,1,20.12,20.2,19.26,19.65,21325297
1/8/2016,20.51,20.72,19.6,19.98,21801016,0,1,20.51,20.72,19.6,19.98,21801016
1/7/2016,21,21.48,20.198,20.26,20732692,0,1,21,21.48,20.198,20.26,20732692
1/6/2016,21.62,22.18,21.18,21.39,14015289,0,1,21.62,22.18,21.18,21.39,14015289
1/5/2016,22.79,23,21.85,21.92,16977890,0,1,22.79,23,21.85,21.92,16977890
1/4/2016,22.64,22.84,22.11,22.56,15305586,0,1,22.64,22.84,22.11,22.56,15305586
12/31/2015,22.17,23.28,22.15,23.14,19468865,0,1,22.17,23.28,22.15,23.14,19468865
12/30/2015,22.45,22.94,22.21,22.23,15310280,0,1,22.45,22.94,22.21,22.23,15310280
12/29/2015,22.63,22.82,22.31,22.47,11195442,0,1,22.63,22.82,22.31,22.47,11195442
12/28/2015,22.9,23.32,22.5,22.53,13724952,0,1,22.9,23.32,22.5,22.53,13724952
12/24/2015,22.7,23.06,22.55,22.97,7910740,0,1,22.7,23.06,22.55,22.97,7910740
12/23/2015,22.68,22.95,22.37,22.67,13160380,0,1,22.68,22.95,22.37,22.67,13160380
12/22/2015,22.26,22.67,22.09,22.56,13689532,0,1,22.26,22.67,22.09,22.56,13689532
12/21/2015,23.02,23.04,21.99,22.14,22892416,0,1,23.02,23.04,21.99,22.14,22892416
12/18/2015,23.35,23.44,22.66,22.99,23028484,0,1,23.35,23.44,22.66,22.99,23028484
12/17/2015,24.47,24.75,23.29,23.31,17879207,0,1,24.47,24.75,23.29,23.31,17879207
12/16/2015,23.96,24.48,23.8,24.3,24059314,0,1,23.96,24.48,23.8,24.3,24059314
12/15/2015,24.52,24.69,23.7,23.95,23106575,0,1,24.52,24.69,23.7,23.95,23106575
12/14/2015,24.68,24.94,23.7,24.92,18097620,0,1,24.68,24.94,23.7,24.92,18097620
12/11/2015,25.91,26.2,24.8,24.84,23021236,0,1,25.91,26.2,24.8,24.84,23021236
12/10/2015,24.36,26.25,24.34,25.91,28250851,0,1,24.36,26.25,24.34,25.91,28250851
12/9/2015,24.98,24.98,24.19,24.31,14683738,0,1,24.98,24.98,24.19,24.31,14683738
12/8/2015,24.04,25.1,23.54,24.99,23617425,0,1,24.04,25.1,23.54,24.99,23617425
12/7/2015,24.99,25.16,24.13,24.46,16860824,0,1,24.99,25.16,24.13,24.46,16860824
12/4/2015,25.81,25.85,25.01,25.02,16799319,0,1,25.81,25.85,25.01,25.02,16799319
12/3/2015,25.48,26.06,24.91,25.9,23838904,0,1,25.48,26.06,24.91,25.9,23838904
12/2/2015,25.31,25.72,25.17,25.4,11843036,0,1,25.31,25.72,25.17,25.4,11843036
12/1/2015,25.39,25.58,25,25.53,14784589,0,1,25.39,25.58,25,25.53,14784589
11/30/2015,25.78,25.82,25.06,25.4,17893920,0,1,25.78,25.82,25.06,25.4,17893920
11/27/2015,25.98,26.07,25.67,25.75,4179967,0,1,25.98,26.07,25.67,25.75,4179967
11/25/2015,25.62,26.4099,25.59,26.06,13063750,0,1,25.62,26.4099,25.59,26.06,13063750
11/24/2015,25.17,25.55,25.02,25.52,10414030,0,1,25.17,25.55,25.02,25.52,10414030
11/23/2015,26.11,26.27,25.02,25.2,18145596,0,1,26.11,26.27,25.02,25.2,18145596
11/20/2015,26.32,26.695,26.03,26.27,10827038,0,1,26.32,26.695,26.03,26.27,10827038
11/19/2015,25.94,26.58,25.93,26.32,14219941,0,1,25.94,26.58,25.93,26.32,14219941
11/18/2015,25.17,26.0901,25.16,25.9,13960224,0,1,25.17,26.0901,25.16,25.9,13960224
11/17/2015,25.54,25.69,24.9,25.23,13253933,0,1,25.54,25.69,24.9,25.23,13253933
11/16/2015,25.33,25.7756,25,25.41,12253053,0,1,25.33,25.7756,25,25.41,12253053
11/13/2015,25.89,26.16,25.16,25.18,14298190,0,1,25.89,26.16,25.16,25.18,14298190
11/12/2015,26.08,26.61,25.85,26.13,12565961,0,1,26.08,26.61,25.85,26.13,12565961
11/11/2015,27.08,27.14,26.37,26.5,12777186,0,1,27.08,27.14,26.37,26.5,12777186
11/10/2015,26.81,27.17,26.25,27.05,16543698,0,1,26.81,27.17,26.25,27.05,16543698
11/9/2015,28.07,28.21,26.68,27.09,25609002,0,1,28.07,28.21,26.68,27.09,25609002
11/6/2015,28.58,28.7,28.05,28.28,13565820,0,1,28.58,28.7,28.05,28.28,13565820
11/5/2015,29.47,29.55,28.45,28.66,15513804,0,1,29.47,29.55,28.45,28.66,15513804
11/4/2015,29.36,30.15,29.23,29.36,18763234,0,1,29.36,30.15,29.23,29.36,18763234
11/3/2015,29.09,29.63,29.04,29.13,16684173,0,1,29.09,29.63,29.04,29.13,16684173
11/2/2015,28.54,29.29,28.05,29.2,18537636,0,1,28.54,29.29,28.05,29.2,18537636
10/30/2015,29.13,29.57,28.35,28.46,21933119,0,1,29.13,29.57,28.35,28.46,21933119
10/29/2015,30.58,30.7,28.93,29.06,33651189,0,1,30.58,30.7,28.93,29.06,33651189
10/28/2015,28.13,31.34,27.76,30.87,88951677,0,1,28.13,31.34,27.76,30.87,88951677
10/27/2015,31.02,31.87,30.65,31.34,44004296,0,1,31.02,31.87,30.65,31.34,44004296
10/26/2015,30.63,31.22,30.48,30.89,16787022,0,1,30.63,31.22,30.48,30.89,16787022
10/23/2015,29.97,30.72,29.61,30.28,19855746,0,1,29.97,30.72,29.61,30.28,19855746
10/22/2015,29.24,29.8,28.74,29.15,17411730,0,1,29.24,29.8,28.74,29.15,17411730
10/21/2015,29.5,29.66,28.65,29.3,30711843,0,1,29.5,29.66,28.65,29.3,30711843
10/20/2015,30.94,31.39,30.41,30.91,15824434,0,1,30.94,31.39,30.41,30.91,15824434
10/19/2015,31.15,31.6,30.57,30.91,23958109,0,1,31.15,31.6,30.57,30.91,23958109
10/16/2015,30.08,31.4,29.36,31.15,44493231,0,1,30.08,31.4,29.36,31.15,44493231
10/15/2015,29.46,30.28,29.01,29.71,15838856,0,1,29.46,30.28,29.01,29.71,15838856
10/14/2015,29.46,29.82,28.38,29.38,27533489,0,1,29.46,29.82,28.38,29.38,27533489
10/13/2015,29.55,30.68,28.84,29.06,45783154,0,1,29.55,30.68,28.84,29.06,45783154
10/12/2015,30.3,30.77,28.6,28.75,30619463,0,1,30.3,30.77,28.6,28.75,30619463
10/9/2015,30.9,31.41,30.28,30.85,27453628,0,1,30.9,31.41,30.28,30.85,27453628
10/8/2015,29.57,31.5,29.03,30.32,36431756,0,1,29.57,31.5,29.03,30.32,36431756
10/7/2015,28.35,29.95,28.01,29.83,34739534,0,1,28.35,29.95,28.01,29.83,34739534
10/6/2015,28.16,28.4,26.75,27.62,31282685,0,1,28.16,28.4,26.75,27.62,31282685
10/5/2015,26.99,28.25,26.33,28.15,30994824,0,1,26.99,28.25,26.33,28.15,30994824
10/2/2015,24.5,26.48,24.34,26.31,23529033,0,1,24.5,26.48,24.34,26.31,23529033
10/1/2015,26.47,26.84,24.65,24.68,30907932,0,1,26.47,26.84,24.65,24.68,30907932
9/30/2015,25.94,27.33,25.88,26.94,25208210,0,1,25.94,27.33,25.88,26.94,25208210
9/29/2015,25.23,25.76,24.915,25.59,13419841,0,1,25.23,25.76,24.915,25.59,13419841
9/28/2015,24.96,25.61,24.6,25.26,17368089,0,1,24.96,25.61,24.6,25.26,17368089
9/25/2015,26.84,26.91,25.14,25.29,14551597,0,1,26.84,26.91,25.14,25.29,14551597
9/24/2015,26.51,26.64,25.3979,26.6,21338355,0,1,26.51,26.64,25.3979,26.6,21338355
9/23/2015,26.97,27.28,26.575,26.79,10840010,0,1,26.97,27.28,26.575,26.79,10840010
9/22/2015,27.05,27.48,26.62,26.83,13445786,0,1,27.05,27.48,26.62,26.83,13445786
9/21/2015,27.98,28.09,27.1899,27.38,10518122,0,1,27.98,28.09,27.1899,27.38,10518122
9/18/2015,27.04,28.25,26.99,27.96,17505272,0,1,27.04,28.25,26.99,27.96,17505272
9/17/2015,27.54,27.93,27.03,27.41,13073231,0,1,27.54,27.93,27.03,27.41,13073231
9/16/2015,27.14,28,27,27.75,13303030,0,1,27.14,28,27,27.75,13303030
9/15/2015,27.04,27.55,27,27.17,10166742,0,1,27.04,27.55,27,27.17,10166742
9/14/2015,27.21,27.55,26.795,26.9,11564018,0,1,27.21,27.55,26.795,26.9,11564018
9/11/2015,27.63,27.65,27.17,27.39,8818538,0,1,27.63,27.65,27.17,27.39,8818538
9/10/2015,27.07,27.83,26.95,27.71,11228289,0,1,27.07,27.83,26.95,27.71,11228289
9/9/2015,27.17,27.85,26.42,27.18,19349852,0,1,27.17,27.85,26.42,27.18,19349852
9/8/2015,28.15,28.2,27.01,27.18,19188944,0,1,28.15,28.2,27.01,27.18,19188944
9/4/2015,27.95,28.55,27.8,28.15,13537888,0,1,27.95,28.55,27.8,28.15,13537888
9/3/2015,28.03,29,27.81,28.3,21349227,0,1,28.03,29,27.81,28.3,21349227
9/2/2015,27.45,27.825,26.87,27.82,14379147,0,1,27.45,27.825,26.87,27.82,14379147
9/1/2015,27.19,28.1166,26.77,27.03,21114623,0,1,27.19,28.1166,26.77,27.03,21114623
8/31/2015,27.63,28.49,27.35,27.79,30724373,0,1,27.63,28.49,27.35,27.79,30724373
8/28/2015,26.19,26.93,26.06,26.83,12406601,0,1,26.19,26.93,26.06,26.83,12406601
8/27/2015,25.49,26.8,25.24,26.46,22482733,0,1,25.49,26.8,25.24,26.46,22482733
8/26/2015,24.8,25.29,23.83,25.03,20552414,0,1,24.8,25.29,23.83,25.03,20552414
8/25/2015,26.29,26.33,24.38,24.38,19893122,0,1,26.29,26.33,24.38,24.38,19893122
8/24/2015,23.61,26.23,21.01,25.17,30075621,0,1,23.61,26.23,21.01,25.17,30075621
8/21/2015,25.65,26.735,25.51,25.87,23687834,0,1,25.65,26.735,25.51,25.87,23687834
8/20/2015,27.15,27.48,25.92,26,25257844,0,1,27.15,27.48,25.92,26,25257844
8/19/2015,28.06,28.09,27.16,27.61,19950623,0,1,28.06,28.09,27.16,27.61,19950623
8/18/2015,28.91,29,28.3,28.3,9631093,0,1,28.91,29,28.3,28.3,9631093
8/17/2015,29.19,29.34,28.93,29.06,9557303,0,1,29.19,29.34,28.93,29.06,9557303
8/14/2015,28.5,29.269,28.45,29.06,16716347,0,1,28.5,29.269,28.45,29.06,16716347
8/13/2015,29.6,29.6,28.44,28.54,14936767,0,1,29.6,29.6,28.44,28.54,14936767
8/12/2015,29.11,29.5,28.51,29.39,18582876,0,1,29.11,29.5,28.51,29.39,18582876
8/11/2015,29.01,29.89,28.53,29.62,27827588,0,1,29.01,29.89,28.53,29.62,27827588
8/10/2015,28.09,29.63,27.82,29.5,42444174,0,1,28.09,29.63,27.82,29.5,42444174
8/7/2015,27.8,27.9,26.87,27.04,18392551,0,1,27.8,27.9,26.87,27.04,18392551
8/6/2015,28.4,28.43,27.23,27.54,27573806,0,1,28.4,28.43,27.23,27.54,27573806
8/5/2015,29.41,29.5,28.43,28.48,21092699,0,1,29.41,29.5,28.43,28.48,21092699
8/4/2015,29.11,29.9,28.9,29.34,21900293,0,1,29.11,29.9,28.9,29.34,21900293
8/3/2015,30.85,31.09,28.69,29.27,46601373,0,1,30.85,31.09,28.69,29.27,46601373
7/31/2015,31.38,31.62,30.85,31.01,18150252,0,1,31.38,31.62,30.85,31.01,18150252
7/30/2015,31.1,31.83,31.05,31.47,29389230,0,1,31.1,31.83,31.05,31.47,29389230
7/29/2015,32.59,33.24,31.06,31.24,92939850,0,1,32.59,33.24,31.06,31.24,92939850
7/28/2015,34.7,36.67,34.14,36.54,55808485,0,1,34.7,36.67,34.14,36.54,55808485
7/27/2015,35.11,35.15,33.88,34.7,24629131,0,1,35.11,35.15,33.88,34.7,24629131
7/24/2015,36.41,36.41,35.3,35.42,12980732,0,1,36.41,36.41,35.3,35.42,12980732
7/23/2015,36,36.73,35.945,36.19,10407769,0,1,36,36.73,35.945,36.19,10407769
7/22/2015,36.23,36.373,35.51,36.09,11753126,0,1,36.23,36.373,35.51,36.09,11753126
7/21/2015,35.82,36.75,35.71,36.63,12511468,0,1,35.82,36.75,35.71,36.63,12511468
7/20/2015,35.75,35.99,35.205,35.81,9882654,0,1,35.75,35.99,35.205,35.81,9882654
7/17/2015,36.46,36.66,35.6,35.67,12818201,0,1,36.46,36.66,35.6,35.67,12818201
7/16/2015,35.89,36.45,35.75,36.1,11367681,0,1,35.89,36.45,35.75,36.1,11367681
7/15/2015,36.66,37.09,35.55,35.66,18296837,0,1,36.66,37.09,35.55,35.66,18296837
7/14/2015,35.78,38.82,35.77,36.72,50073600,0,1,35.78,38.82,35.77,36.72,50073600
7/13/2015,34.99,36.14,34.75,35.78,17118202,0,1,34.99,36.14,34.75,35.78,17118202
7/10/2015,34.68,35.12,34.46,34.91,10628100,0,1,34.68,35.12,34.46,34.91,10628100
7/9/2015,35.17,35.43,34.31,34.36,14099347,0,1,35.17,35.43,34.31,34.36,14099347
7/8/2015,35.41,36.05,34.67,34.76,15522331,0,1,35.41,36.05,34.67,34.76,15522331
7/7/2015,35.35,35.72,34.55,35.52,14187837,0,1,35.35,35.72,34.55,35.52,14187837
7/6/2015,35.17,35.69,35,35.43,11300944,0,1,35.17,35.69,35,35.43,11300944
7/2/2015,35.4,35.97,35.1,35.72,17663959,0,1,35.4,35.97,35.1,35.72,17663959
7/1/2015,36.05,36.11,35.235,35.4,23674620,0,1,36.05,36.11,35.235,35.4,23674620
6/30/2015,34.5,36.42,34.44,36.22,26095592,0,1,34.5,36.42,34.44,36.22,26095592
6/29/2015,34.47,35.0899,34.15,34.21,25200193,0,1,34.47,35.0899,34.15,34.21,25200193
6/26/2015,34.97,35.33,34.67,35.26,17354182,0,1,34.97,35.33,34.67,35.26,17354182
6/25/2015,35.36,35.36,34.965,35.17,10730930,0,1,35.36,35.36,34.965,35.17,10730930
6/24/2015,35.4,35.75,35.1,35.17,13011849,0,1,35.4,35.75,35.1,35.17,13011849
6/23/2015,35.78,36.2,34.96,35.37,25891418,0,1,35.78,36.2,34.96,35.37,25891418
6/22/2015,35.95,36,35.34,35.55,21424055,0,1,35.95,36,35.34,35.55,21424055
6/19/2015,34.97,36.28,34.85,35.86,33434669,0,1,34.97,36.28,34.85,35.86,33434669
6/18/2015,34.63,35.04,34.45,34.66,19432083,0,1,34.63,35.04,34.45,34.66,19432083
6/17/2015,34.99,35.12,34.17,34.69,27278532,0,1,34.99,35.12,34.17,34.69,27278532
6/16/2015,34.23,35.2,33.51,34.82,49856071,0,1,34.23,35.2,33.51,34.82,49856071
6/15/2015,35.24,35.26,34.31,34.67,32932110,0,1,35.24,35.26,34.31,34.67,32932110
6/12/2015,36.9,37.25,35.55,35.9,60914449,0,1,36.9,37.25,35.55,35.9,60914449
6/11/2015,35.92,36.17,35.79,35.84,20546962,0,1,35.92,36.17,35.79,35.84,20546962
6/10/2015,36.01,36.17,35.6,35.85,12634817,0,1,36.01,36.17,35.6,35.85,12634817
6/9/2015,36.5,36.5,35.565,35.88,14034468,0,1,36.5,36.5,35.565,35.88,14034468
6/8/2015,36.91,36.98,36.41,36.46,11767083,0,1,36.91,36.98,36.41,36.46,11767083
6/5/2015,36.79,37.23,36.65,37,11854282,0,1,36.79,37.23,36.65,37,11854282
6/4/2015,37.17,37.79,36.51,36.71,23762920,0,1,37.17,37.79,36.51,36.71,23762920
6/3/2015,36.51,37.17,36.48,37,14023524,0,1,36.51,37.17,36.48,37,14023524
6/2/2015,36.45,36.6,36.16,36.4,13119475,0,1,36.45,36.6,36.16,36.4,13119475
6/1/2015,36.69,36.83,36.43,36.63,9994895,0,1,36.69,36.83,36.43,36.63,9994895
5/29/2015,37.05,37.07,36.53,36.67,16835646,0,1,37.05,37.07,36.53,36.67,16835646
5/28/2015,36.49,37.33,36.37,36.83,17912105,0,1,36.49,37.33,36.37,36.83,17912105
5/27/2015,36.5,36.6528,36.1,36.41,14455268,0,1,36.5,36.6528,36.1,36.41,14455268
5/26/2015,36.67,36.83,36.37,36.51,13047617,0,1,36.67,36.83,36.37,36.51,13047617
5/22/2015,36.7,36.9765,36.57,36.6,9861815,0,1,36.7,36.9765,36.57,36.6,9861815
5/21/2015,36.81,36.94,36.39,36.68,17435073,0,1,36.81,36.94,36.39,36.68,17435073
5/20/2015,37.49,37.94,36.54,36.78,23383736,0,1,37.49,37.94,36.54,36.78,23383736
5/19/2015,37.14,37.88,36.9,37.5,26941996,0,1,37.14,37.88,36.9,37.5,26941996
5/18/2015,37.1,37.57,36.9,37.28,11227320,0,1,37.1,37.57,36.9,37.28,11227320
5/15/2015,37.36,37.8,37,37.1,16787439,0,1,37.36,37.8,37,37.1,16787439
5/14/2015,37.93,38.09,37.27,37.33,14225654,0,1,37.93,38.09,37.27,37.33,14225654
5/13/2015,37.66,38.2,37.53,37.72,14075331,0,1,37.66,38.2,37.53,37.72,14075331
5/12/2015,37.29,37.8,37.06,37.48,11776781,0,1,37.29,37.8,37.06,37.48,11776781
5/11/2015,37.58,37.859,37.2,37.31,12297490,0,1,37.58,37.859,37.2,37.31,12297490
5/8/2015,38.02,38.2,37.55,37.59,14362759,0,1,38.02,38.2,37.55,37.59,14362759
5/7/2015,37.24,37.88,36.95,37.71,21240008,0,1,37.24,37.88,36.95,37.71,21240008
5/6/2015,37.69,37.78,36.52,37.26,29070083,0,1,37.69,37.78,36.52,37.26,29070083
5/5/2015,38,38.61,37.36,37.42,22570374,0,1,38,38.61,37.36,37.42,22570374
5/4/2015,38.72,38.96,37.55,37.88,27603308,0,1,38.72,38.96,37.55,37.88,27603308
5/1/2015,39.19,39.24,37.37,37.84,37785543,0,1,39.19,39.24,37.37,37.84,37785543
4/30/2015,39.28,39.74,38.48,38.96,46617198,0,1,39.28,39.74,38.48,38.96,46617198
4/29/2015,40.21,41.09,38.07,38.49,120376639,0,1,40.21,41.09,38.07,38.49,120376639
4/28/2015,52.16,52.219,38.38,42.27,76785097,0,1,52.16,52.219,38.38,42.27,76785097
4/27/2015,50.84,52.54,50.82,51.66,23863907,0,1,50.84,52.54,50.82,51.66,23863907
4/24/2015,51.85,51.96,50.24,50.82,14896860,0,1,51.85,51.96,50.24,50.82,14896860
4/23/2015,51.87,52.2,51.22,51.41,11472623,0,1,51.87,52.2,51.22,51.41,11472623
4/22/2015,51.48,52.09,51.32,51.73,11464604,0,1,51.48,52.09,51.32,51.73,11464604
4/21/2015,51.68,51.85,51.1,51.32,8461283,0,1,51.68,51.85,51.1,51.32,8461283
4/20/2015,51.07,51.48,50.51,51.4,11004476,0,1,51.07,51.48,50.51,51.4,11004476
4/17/2015,51.71,52.16,50.19,50.66,16641397,0,1,51.71,52.16,50.19,50.66,16641397
4/16/2015,51.3,52.34,51.14,52.03,14313301,0,1,51.3,52.34,51.14,52.03,14313301
4/15/2015,51.33,51.87,50.91,51.3,13192067,0,1,51.33,51.87,50.91,51.3,13192067
4/14/2015,51.75,51.81,50.68,51.2,12231640,0,1,51.75,51.81,50.68,51.2,12231640
4/13/2015,51.99,52.29,51.45,51.62,12306515,0,1,51.99,52.29,51.45,51.62,12306515
4/10/2015,52.29,52.45,51.38,51.94,13244771,0,1,52.29,52.45,51.38,51.94,13244771
4/9/2015,52.15,52.99,51.54,52.17,17865277,0,1,52.15,52.99,51.54,52.17,17865277
4/8/2015,53.32,53.49,51.95,52.3,22368922,0,1,53.32,53.49,51.95,52.3,22368922
4/7/2015,51.01,53.28,50.86,52.87,36968209,0,1,51.01,53.28,50.86,52.87,36968209
4/6/2015,50.03,51.16,49.87,50.84,14533070,0,1,50.03,51.16,49.87,50.84,14533070
4/2/2015,50.64,50.95,49.88,50.42,13423909,0,1,50.64,50.95,49.88,50.42,13423909
4/1/2015,51,51.69,50.17,50.47,24299197,0,1,51,51.69,50.17,50.47,24299197
3/31/2015,49.62,51.24,49.54,50.08,23876901,0,1,49.62,51.24,49.54,50.08,23876901
3/30/2015,50.45,50.71,48.66,49.89,20345795,0,1,50.45,50.71,48.66,49.89,20345795
3/27/2015,50.35,50.89,49.94,50.01,14833279,0,1,50.35,50.89,49.94,50.01,14833279
3/26/2015,49.65,50.9,49.4,49.92,24355605,0,1,49.65,50.9,49.4,49.92,24355605
3/25/2015,51.5,51.87,49.31,49.5,31659660,0,1,51.5,51.87,49.31,49.5,31659660
3/24/2015,48.67,51.79,48.54,51.47,38059472,0,1,48.67,51.79,48.54,51.47,38059472
3/23/2015,48.24,49.25,47.87,48.46,16385974,0,1,48.24,49.25,47.87,48.46,16385974
3/20/2015,48.36,49.15,48.25,48.44,18676496,0,1,48.36,49.15,48.25,48.44,18676496
3/19/2015,46.96,48.15,46.45,47.93,15942149,0,1,46.96,48.15,46.45,47.93,15942149
3/18/2015,46.75,47.385,46.16,47.2,13105173,0,1,46.75,47.385,46.16,47.2,13105173
3/17/2015,46.66,47.29,46.44,46.93,13348031,0,1,46.66,47.29,46.44,46.93,13348031
3/16/2015,46.9,47.07,46.05,46.43,10230785,0,1,46.9,47.07,46.05,46.43,10230785
3/13/2015,46.94,47.72,46.452,46.66,13350495,0,1,46.94,47.72,46.452,46.66,13350495
3/12/2015,46.57,47.32,46.51,47.07,12204772,0,1,46.57,47.32,46.51,47.07,12204772
3/11/2015,45.66,46.74,45.13,46.27,12249614,0,1,45.66,46.74,45.13,46.27,12249614
3/10/2015,47.23,47.26,45.79,45.84,17289874,0,1,47.23,47.26,45.79,45.84,17289874
3/9/2015,47.22,48.08,47.13,47.59,13635901,0,1,47.22,48.08,47.13,47.59,13635901
3/6/2015,47.26,48.07,46.57,46.75,11534904,0,1,47.26,48.07,46.57,46.75,11534904
3/5/2015,47.59,48.43,47.2,47.35,13511889,0,1,47.59,48.43,47.2,47.35,13511889
3/4/2015,47.51,47.85,46.41,47.57,14282227,0,1,47.51,47.85,46.41,47.57,14282227
3/3/2015,48.13,48.8,47.435,47.71,16682052,0,1,48.13,48.8,47.435,47.71,16682052
3/2/2015,48.26,48.3,47.31,48.15,13423421,0,1,48.26,48.3,47.31,48.15,13423421
2/27/2015,49.19,49.9,47.96,48.08,14990046,0,1,49.19,49.9,47.96,48.08,14990046
2/26/2015,48.81,50.01,48.64,49.41,22324979,0,1,48.81,50.01,48.64,49.41,22324979
2/25/2015,48.8,49.18,48.25,48.55,11663183,0,1,48.8,49.18,48.25,48.55,11663183
2/24/2015,48.33,49.3,48.06,48.69,11073664,0,1,48.33,49.3,48.06,48.69,11073664
2/23/2015,49.02,49.24,48.35,48.47,12527258,0,1,49.02,49.24,48.35,48.47,12527258
2/20/2015,48.76,49.88,48.65,49.11,20733823,0,1,48.76,49.88,48.65,49.11,20733823
2/19/2015,47.84,48.94,47.42,48.7,18145779,0,1,47.84,48.94,47.42,48.7,18145779
2/18/2015,48,48.79,47.36,47.82,15497207,0,1,48,48.79,47.36,47.82,15497207
2/17/2015,48.2,49.09,47.89,48.03,16659094,0,1,48.2,49.09,47.89,48.03,16659094
2/13/2015,47.93,48.82,47.57,48.5,20809627,0,1,47.93,48.82,47.57,48.5,20809627
2/12/2015,47.98,48.45,46.88,47.95,23071572,0,1,47.98,48.45,46.88,47.95,23071572
2/11/2015,46.27,47.78,46.11,47.5,24721839,0,1,46.27,47.78,46.11,47.5,24721839
2/10/2015,47.35,47.39,45.57,46.26,32287813,0,1,47.35,47.39,45.57,46.26,32287813
2/9/2015,46.73,47.69,46.5,47.32,36155251,0,1,46.73,47.69,46.5,47.32,36155251
2/6/2015,46.12,48.5,45.8,48.01,102943071,0,1,46.12,48.5,45.8,48.01,102943071
2/5/2015,42.04,43.79,40.91,41.26,61020760,0,1,42.04,43.79,40.91,41.26,61020760
2/4/2015,40.05,40.83,39.82,40.72,23086858,0,1,40.05,40.83,39.82,40.72,23086858
2/3/2015,38,40.19,37.691,39.79,28395371,0,1,38,40.19,37.691,39.79,28395371
2/2/2015,37.7,38.07,36.92,37.46,13887434,0,1,37.7,38.07,36.92,37.46,13887434
1/30/2015,36.65,38.15,36.41,37.53,15375644,0,1,36.65,38.15,36.41,37.53,15375644
1/29/2015,37.39,37.57,36.07,36.68,20050192,0,1,37.39,37.57,36.07,36.68,20050192
1/28/2015,38.43,38.78,37.03,37.15,22329910,0,1,38.43,38.78,37.03,37.15,22329910
1/27/2015,39.56,39.61,38.377,38.92,15746411,0,1,39.56,39.61,38.377,38.92,15746411
1/26/2015,39.33,40.13,39.04,40.1,13822492,0,1,39.33,40.13,39.04,40.1,13822492
1/23/2015,39.48,39.97,38.78,39.42,16428543,0,1,39.48,39.97,38.78,39.42,16428543
1/22/2015,37.98,39.25,37.55,39.07,20433688,0,1,37.98,39.25,37.55,39.07,20433688
1/21/2015,37.65,38.27,37.33,37.83,12171275,0,1,37.65,38.27,37.33,37.83,12171275
1/20/2015,37.59,38.14,36.54,37.57,17581148,0,1,37.59,38.14,36.54,37.57,17581148
1/16/2015,37.18,38.13,36.85,37.31,14966077,0,1,37.18,38.13,36.85,37.31,14966077
1/15/2015,39.7,39.7,36.86,36.93,23007787,0,1,39.7,39.7,36.86,36.93,23007787
1/14/2015,38.89,40.18,38.8,39.85,16044861,0,1,38.89,40.18,38.8,39.85,16044861
1/13/2015,39.74,40.35,39.23,39.65,18496097,0,1,39.74,40.35,39.23,39.65,18496097
1/12/2015,40.28,40.95,39.3,39.37,27617234,0,1,40.28,40.95,39.3,39.37,27617234
1/9/2015,39.22,40.34,38.255,40.17,24582845,0,1,39.22,40.34,38.255,40.17,24582845
1/8/2015,37.42,39.19,37.09,39.09,19163771,0,1,37.42,39.19,37.09,39.09,19163771
1/7/2015,39.1,39.1,37.06,37.28,22656588,0,1,39.1,39.1,37.06,37.28,22656588
1/6/2015,36.27,39.45,36.04,38.76,33006922,0,1,36.27,39.45,36.04,38.76,33006922
1/5/2015,36.26,37.11,35.64,36.38,15062744,0,1,36.26,37.11,35.64,36.38,15062744
1/2/2015,36.23,36.74,35.5401,36.56,12046594,0,1,36.23,36.74,35.5401,36.56,12046594
12/31/2014,35.89,36.49,35.47,35.87,17650083,0,1,35.89,36.49,35.47,35.87,17650083
12/30/2014,36.02,36.239,35.46,35.86,19494563,0,1,36.02,36.239,35.46,35.86,19494563
12/29/2014,37.39,37.51,36.38,36.42,13565360,0,1,37.39,37.51,36.38,36.42,13565360
12/26/2014,37.76,38.1,37.54,37.6,7316551,0,1,37.76,38.1,37.54,37.6,7316551
12/24/2014,37.67,38.35,37.56,37.61,6263320,0,1,37.67,38.35,37.56,37.61,6263320
12/23/2014,38.58,39.25,37.46,37.57,16853410,0,1,38.58,39.25,37.46,37.57,16853410
12/22/2014,37.5,38.82,37.31,38.43,20064110,0,1,37.5,38.82,37.31,38.43,20064110
12/19/2014,36.7,37.45,36.5,37.08,16068717,0,1,36.7,37.45,36.5,37.08,16068717
12/18/2014,36.13,37.27,35.95,36.73,19083321,0,1,36.13,37.27,35.95,36.73,19083321
12/17/2014,35.56,35.9,34.95,35.57,18544835,0,1,35.56,35.9,34.95,35.57,18544835
12/16/2014,36.5,36.71,35.09,35.13,19215923,0,1,36.5,36.71,35.09,35.13,19215923
12/15/2014,38.13,38.38,36.73,36.85,16832975,0,1,38.13,38.38,36.73,36.85,16832975
12/12/2014,36.31,37.71,36.1,37.1,15217045,0,1,36.31,37.71,36.1,37.1,15217045
12/11/2014,36.45,37.23,36.25,36.7,15702087,0,1,36.45,37.23,36.25,36.7,15702087
12/10/2014,36.91,37.78,36.25,36.35,16486359,0,1,36.91,37.78,36.25,36.35,16486359
12/9/2014,34.97,37.09,34.62,37.05,20516468,0,1,34.97,37.09,34.62,37.05,20516468
12/8/2014,38.08,38.12,35.75,36.29,30093135,0,1,38.08,38.12,35.75,36.29,30093135
12/5/2014,38.97,39.07,38.35,38.49,12587725,0,1,38.97,39.07,38.35,38.49,12587725
12/4/2014,38.8,39.66,38.62,38.79,13024401,0,1,38.8,39.66,38.62,38.79,13024401
12/3/2014,39,39.42,38.38,39.06,13241278,0,1,39,39.42,38.38,39.06,13241278
12/2/2014,39.4,39.4,38.33,38.91,16430289,0,1,39.4,39.4,38.33,38.91,16430289
12/1/2014,41.29,41.29,39,39.04,22213988,0,1,41.29,41.29,39,39.04,22213988
11/28/2014,41.09,42.08,40.83,41.74,11113905,0,1,41.09,42.08,40.83,41.74,11113905
11/26/2014,39.83,41.56,39.74,41.13,23794731,0,1,39.83,41.56,39.74,41.13,23794731
11/25/2014,40.12,40.3,39.56,39.76,16165082,0,1,40.12,40.3,39.56,39.76,16165082
11/24/2014,39.99,40.47,39.58,40.19,15158270,0,1,39.99,40.47,39.58,40.19,15158270
11/21/2014,40.25,40.28,39.8,40.03,12056170,0,1,40.25,40.28,39.8,40.03,12056170
11/20/2014,39.49,40.55,39.32,39.81,13710055,0,1,39.49,40.55,39.32,39.81,13710055
11/19/2014,40.35,40.47,39.21,39.71,19017595,0,1,40.35,40.47,39.21,39.71,19017595
11/18/2014,40.69,41.17,39.95,40.61,18605048,0,1,40.69,41.17,39.95,40.61,18605048
11/17/2014,41.46,41.68,40.41,40.47,20649865,0,1,41.46,41.68,40.41,40.47,20649865
11/14/2014,40.02,41.85,39.77,41.85,33036636,0,1,40.02,41.85,39.77,41.85,33036636
11/13/2014,43.55,43.95,39.95,40.04,67287397,0,1,43.55,43.95,39.95,40.04,67287397
11/12/2014,39.94,42.94,39.6,42.54,51695486,0,1,39.94,42.94,39.6,42.54,51695486
11/11/2014,39.31,39.84,38.81,39.59,19199463,0,1,39.31,39.84,38.81,39.59,19199463
11/10/2014,40.34,40.69,39.42,39.59,19053313,0,1,40.34,40.69,39.42,39.59,19053313
11/7/2014,40.74,40.74,39.7,40.31,18558908,0,1,40.74,40.74,39.7,40.31,18558908
11/6/2014,40.19,41.35,40.1,40.84,16274657,0,1,40.19,41.35,40.1,40.84,16274657
11/5/2014,41.69,41.8,40.13,40.37,19712971,0,1,41.69,41.8,40.13,40.37,19712971
11/4/2014,40.025,41.1,39.75,40.9,19526930,0,1,40.025,41.1,39.75,40.9,19526930
11/3/2014,40.55,41.2,40.16,40.21,31438732,0,1,40.55,41.2,40.16,40.21,31438732
10/31/2014,42.69,42.85,41.34,41.47,23895091,0,1,42.69,42.85,41.34,41.47,23895091
10/30/2014,41.56,42.48,39.94,41.8,42002952,0,1,41.56,42.48,39.94,41.8,42002952
10/29/2014,43.85,44.16,41.81,42.08,40261918,0,1,43.85,44.16,41.81,42.08,40261918
10/28/2014,42.25,44.58,41.76,43.78,83514039,0,1,42.25,44.58,41.76,43.78,83514039
10/27/2014,50.02,50.24,47.1814,48.56,51123932,0,1,50.02,50.24,47.1814,48.56,51123932
10/24/2014,50.16,50.19,49.15,49.95,12003892,0,1,50.16,50.19,49.15,49.95,12003892
10/23/2014,50.13,50.4,49.2,49.67,23083220,0,1,50.13,50.4,49.2,49.67,23083220
10/22/2014,51.13,51.84,49,49.08,26126860,0,1,51.13,51.84,49,49.08,26126860
10/21/2014,51.76,52.15,50.3,50.63,21326915,0,1,51.76,52.15,50.3,50.63,21326915
10/20/2014,49.07,50.89,48.8,50.7,17747973,0,1,49.07,50.89,48.8,50.7,17747973
10/17/2014,49.72,50.25,48.65,48.77,24630575,0,1,49.72,50.25,48.65,48.77,24630575
10/16/2014,48.34,49.82,47.17,48.23,30803144,0,1,48.34,49.82,47.17,48.23,30803144
10/15/2014,47.11,50.52,46.38,49.99,34371495,0,1,47.11,50.52,46.38,49.99,34371495
10/14/2014,49.06,49.53,47.08,48.58,29723607,0,1,49.06,49.53,47.08,48.58,29723607
10/13/2014,50.54,51.91,48.26,48.49,35326778,0,1,50.54,51.91,48.26,48.49,35326778
10/10/2014,54.57,55.66,50.3,50.4,46711423,0,1,54.57,55.66,50.3,50.4,46711423
10/9/2014,55.29,55.99,54.92,55.29,29725262,0,1,55.29,55.99,54.92,55.29,29725262
10/8/2014,53.62,55.6684,52.6,55.42,31065442,0,1,53.62,55.6684,52.6,55.42,31065442
10/7/2014,53.12,54.99,53.1,53.53,26082251,0,1,53.12,54.99,53.1,53.53,26082251
10/6/2014,53.94,54.45,53.226,53.49,20033423,0,1,53.94,54.45,53.226,53.49,20033423
10/3/2014,52.75,54.73,52.11,53.94,31201809,0,1,52.75,54.73,52.11,53.94,31201809
10/2/2014,51.03,52.1,50.01,51.85,27056496,0,1,51.03,52.1,50.01,51.85,27056496
10/1/2014,51.08,51.29,49.15,50.06,24724755,0,1,51.08,51.29,49.15,50.06,24724755
9/30/2014,52,52.19,51.17,51.58,12289163,0,1,52,52.19,51.17,51.58,12289163
9/29/2014,51.09,52.18,50.88,51.74,15398439,0,1,51.09,52.18,50.88,51.74,15398439
9/26/2014,51.97,52.61,51.7,51.89,14125293,0,1,51.97,52.61,51.7,51.89,14125293
9/25/2014,52.71,53.23,51.27,51.45,20997064,0,1,52.71,53.23,51.27,51.45,20997064
9/24/2014,52.55,53.34,52.13,52.96,17614893,0,1,52.55,53.34,52.13,52.96,17614893
9/23/2014,51.46,52.56,51.02,52.17,19937154,0,1,51.46,52.56,51.02,52.17,19937154
9/22/2014,52.38,52.9,51.36,51.94,21687447,0,1,52.38,52.9,51.36,51.94,21687447
9/19/2014,50.78,53,50.18,53,38158100,0,1,50.78,53,50.18,53,38158100
9/18/2014,50.97,51.88,50.53,50.88,22456700,0,1,50.97,51.88,50.53,50.88,22456700
9/17/2014,50.97,51.6,50.16,50.7,22845800,0,1,50.97,51.6,50.16,50.7,22845800
9/16/2014,48.7,50.91,48.4,50.83,26705400,0,1,48.7,50.91,48.4,50.83,26705400
9/15/2014,51.6,51.93,47.56,49.38,38300800,0,1,51.6,51.93,47.56,49.38,38300800
9/12/2014,52.55,52.82,52.02,52.11,22913800,0,1,52.55,52.82,52.02,52.11,22913800
9/11/2014,52.55,53.64,52.18,52.64,38055400,0,1,52.55,53.64,52.18,52.64,38055400
9/10/2014,52.11,53.33,51.85,52.91,37907700,0,1,52.11,53.33,51.85,52.91,37907700
9/9/2014,52.23,52.4,50.22,50.61,24998900,0,1,52.23,52.4,50.22,50.61,24998900
9/8/2014,51.8,52.68,51.68,52,30796500,0,1,51.8,52.68,51.68,52,30796500
9/5/2014,50.09,50.88,49.52,50.7,20226400,0,1,50.09,50.88,49.52,50.7,20226400
9/4/2014,49.69,50.86,49.22,50.24,24393700,0,1,49.69,50.86,49.22,50.24,24393700
9/3/2014,51.83,51.85,49.05,49.33,34366600,0,1,51.83,51.85,49.05,49.33,34366600
9/2/2014,50.02,51.34,49.9,51.02,28192200,0,1,50.02,51.34,49.9,51.02,28192200
8/29/2014,49.89,50.35,49.13,49.75,31912200,0,1,49.89,50.35,49.13,49.75,31912200
8/28/2014,47.98,49.88,47.86,49.43,35030200,0,1,47.98,49.88,47.86,49.43,35030200
8/27/2014,48.24,48.46,47.18,48.06,26110800,0,1,48.24,48.46,47.18,48.06,26110800
8/26/2014,46.1,48.2,46.04,48.17,27573100,0,1,46.1,48.2,46.04,48.17,27573100
8/25/2014,46.22,46.36,45.7,46.1,17548000,0,1,46.22,46.36,45.7,46.1,17548000
8/22/2014,45.04,46.14,44.8,45.98,19411300,0,1,45.04,46.14,44.8,45.98,19411300
8/21/2014,45.29,45.35,44.84,45.11,10598300,0,1,45.29,45.35,44.84,45.11,10598300
8/20/2014,44.93,45.21,44.76,45.06,10367200,0,1,44.93,45.21,44.76,45.06,10367200
8/19/2014,45.24,45.45,45.03,45.09,11873100,0,1,45.24,45.45,45.03,45.09,11873100
8/18/2014,45.06,45.33,44.77,45.12,14814000,0,1,45.06,45.33,44.77,45.12,14814000
8/15/2014,45.47,45.5,44.44,44.76,17776700,0,1,45.47,45.5,44.44,44.76,17776700
8/14/2014,44.4,45.34,44.04,45.33,23598000,0,1,44.4,45.34,44.04,45.33,23598000
8/13/2014,44.12,44.34,43.62,44.15,16148000,0,1,44.12,44.34,43.62,44.15,16148000
8/12/2014,44.38,44.72,43.61,43.81,29537500,0,1,44.38,44.72,43.61,43.81,29537500
8/11/2014,43.48,43.6,42.71,43.27,18374000,0,1,43.48,43.6,42.71,43.27,18374000
8/8/2014,43.02,43.36,42.51,43.13,14967900,0,1,43.02,43.36,42.51,43.13,14967900
8/7/2014,43.37,44.37,42.89,43,25370300,0,1,43.37,44.37,42.89,43,25370300
8/6/2014,43.39,44.04,42.75,43.46,20333600,0,1,43.39,44.04,42.75,43.46,20333600
8/5/2014,43.25,44.48,43.02,43.83,26327900,0,1,43.25,44.48,43.02,43.83,26327900
8/4/2014,43.7,44.53,43.44,43.47,22390000,0,1,43.7,44.53,43.44,43.47,22390000
8/1/2014,45.01,45.54,43.81,44.13,37171100,0,1,45.01,45.54,43.81,44.13,37171100
7/31/2014,44.62,45.84,44.3,45.19,47105700,0,1,44.62,45.84,44.3,45.19,47105700
7/30/2014,47.01,48,45.65,46.3,116051400,0,1,47.01,48,45.65,46.3,116051400
7/29/2014,38.11,38.92,37.99,38.59,61396000,0,1,38.11,38.92,37.99,38.59,61396000
7/28/2014,38.3,38.44,37.56,37.93,16706500,0,1,38.3,38.44,37.56,37.93,16706500
7/25/2014,38.2,38.8,38.02,38.16,15950400,0,1,38.2,38.8,38.02,38.16,15950400
7/24/2014,38.71,39,37.85,38.71,22082800,0,1,38.71,39,37.85,38.71,22082800
7/23/2014,37.65,38.19,37.56,37.75,13141200,0,1,37.65,38.19,37.56,37.75,13141200
7/22/2014,38.31,38.6,37.45,37.65,16825700,0,1,38.31,38.6,37.45,37.65,16825700
7/21/2014,37.23,38.29,36.85,38.05,19657500,0,1,37.23,38.29,36.85,38.05,19657500
7/18/2014,36.81,37.08,35.95,37.05,26340400,0,1,36.81,37.08,35.95,37.05,26340400
7/17/2014,36.8,37.17,36.38,36.87,22609600,0,1,36.8,37.17,36.38,36.87,22609600
7/16/2014,38.31,38.52,37.1,37.43,19687200,0,1,38.31,38.52,37.1,37.43,19687200
7/15/2014,38.59,38.99,37.62,37.88,24630600,0,1,38.59,38.99,37.62,37.88,24630600
7/14/2014,38.57,39.38,38.2,38.31,19672200,0,1,38.57,39.38,38.2,38.31,19672200
7/11/2014,38.15,38.79,38,38.33,21053300,0,1,38.15,38.79,38,38.33,21053300
7/10/2014,36.49,38.1,36.11,37.84,26538400,0,1,36.49,38.1,36.11,37.84,26538400
7/9/2014,37.82,38.35,37.35,38.06,26801700,0,1,37.82,38.35,37.35,38.06,26801700
7/8/2014,39.96,40.04,36.84,37.41,49908400,0,1,39.96,40.04,36.84,37.41,49908400
7/7/2014,41.08,41.45,40.14,40.23,21367600,0,1,41.08,41.45,40.14,40.23,21367600
7/3/2014,41.94,42,40.83,41.33,15795100,0,1,41.94,42,40.83,41.33,15795100
7/2/2014,42.83,42.83,41.42,41.77,24352300,0,1,42.83,42.83,41.42,41.77,24352300
7/1/2014,42.06,42.95,41.91,42.05,35982400,0,1,42.06,42.95,41.91,42.05,35982400
6/30/2014,40.81,41.34,40.35,40.97,22747500,0,1,40.81,41.34,40.35,40.97,22747500
6/27/2014,40.7,41.15,40.11,40.93,48253400,0,1,40.7,41.15,40.11,40.93,48253400
6/26/2014,40.05,42,39.81,41.44,45281600,0,1,40.05,42,39.81,41.44,45281600
6/25/2014,38.24,39.59,38.01,39.46,25430200,0,1,38.24,39.59,38.01,39.46,25430200
6/24/2014,39.44,39.64,38.26,38.48,24436200,0,1,39.44,39.64,38.26,38.48,24436200
6/23/2014,39.07,39.58,38.73,39.52,22560100,0,1,39.07,39.58,38.73,39.52,22560100
6/20/2014,38.82,39.24,37.77,39.24,41471100,0,1,38.82,39.24,37.77,39.24,41471100
6/19/2014,38.73,39.3,38.32,38.9,24618300,0,1,38.73,39.3,38.32,38.9,24618300
6/18/2014,38.16,38.83,37.75,38.74,23660900,0,1,38.16,38.83,37.75,38.74,23660900
6/17/2014,38.03,38.55,37.3,38.02,30297600,0,1,38.03,38.55,37.3,38.02,30297600
6/16/2014,36.7,38.17,36.44,38.02,29818300,0,1,36.7,38.17,36.44,38.02,29818300
6/13/2014,36.85,37.25,35.9,36.9,29105500,0,1,36.85,37.25,35.9,36.9,29105500
6/12/2014,35.06,37.27,35.06,36.79,58081500,0,1,35.06,37.27,35.06,36.79,58081500
6/11/2014,35.07,35.97,34.93,35.54,29981000,0,1,35.07,35.97,34.93,35.54,29981000
6/10/2014,34.73,35.5,34.66,35.37,36503400,0,1,34.73,35.5,34.66,35.37,36503400
6/9/2014,33.24,34.55,33.09,34.47,23358200,0,1,33.24,34.55,33.09,34.47,23358200
6/6/2014,34.14,34.41,33.22,33.33,23339800,0,1,34.14,34.41,33.22,33.33,23339800
6/5/2014,33.67,34.89,33.11,33.89,40904900,0,1,33.67,34.89,33.11,33.89,40904900
6/4/2014,32.49,33.32,31.85,32.9,24863000,0,1,32.49,33.32,31.85,32.9,24863000
6/3/2014,31.73,32.69,31.65,32.58,19948800,0,1,31.73,32.69,31.65,32.58,19948800
6/2/2014,32.89,33.2,31.62,31.75,31154200,0,1,32.89,33.2,31.62,31.75,31154200
5/30/2014,33.73,33.86,32.11,32.44,40566000,0,1,33.73,33.86,32.11,32.44,40566000
5/29/2014,34.67,35.14,33.88,34,54016300,0,1,34.67,35.14,33.88,34,54016300
5/28/2014,31.5,33.84,31.09,33.77,60302800,0,1,31.5,33.84,31.09,33.77,60302800
5/27/2014,30.94,31.2,30.38,30.51,25240100,0,1,30.94,31.2,30.38,30.51,25240100
5/23/2014,31.51,31.68,30.45,30.5,27448000,0,1,31.51,31.68,30.45,30.5,27448000
5/22/2014,31.33,32.25,30.52,31.52,35566200,0,1,31.33,32.25,30.52,31.52,35566200
5/21/2014,31.85,31.95,31.15,31.75,15562600,0,1,31.85,31.95,31.15,31.75,15562600
5/20/2014,32,32.39,31.52,31.77,16580500,0,1,32,32.39,31.52,31.77,16580500
5/19/2014,32.05,32.44,31.64,32.07,15952800,0,1,32.05,32.44,31.64,32.07,15952800
5/16/2014,32.95,33.21,32.02,32.26,21391400,0,1,32.95,33.21,32.02,32.26,21391400
5/15/2014,33.02,33.29,32.16,32.77,22030500,0,1,33.02,33.29,32.16,32.77,22030500
5/14/2014,33.35,33.83,32.62,32.85,20029400,0,1,33.35,33.83,32.62,32.85,20029400
5/13/2014,33.84,34.06,32.89,33.39,24676800,0,1,33.84,34.06,32.89,33.39,24676800
5/12/2014,33.08,34.1,32.4,33.94,34712700,0,1,33.08,34.1,32.4,33.94,34712700
5/9/2014,32.23,33.11,31.75,32.05,31888800,0,1,32.23,33.11,31.75,32.05,31888800
5/8/2014,31.48,32.98,31.13,31.96,51282800,0,1,31.48,32.98,31.13,31.96,51282800
5/7/2014,31.97,32,29.51,30.66,68876300,0,1,31.97,32,29.51,30.66,68876300
5/6/2014,35.61,36.1,31.72,31.85,134710000,0,1,35.61,36.1,31.72,31.85,134710000
5/5/2014,38.52,39.6,38.05,38.75,10405200,0,1,38.52,39.6,38.05,38.75,10405200
5/2/2014,39.2,39.86,38.7,39.02,12729500,0,1,39.2,39.86,38.7,39.02,12729500
5/1/2014,39.01,40.77,38.97,39.09,15759800,0,1,39.01,40.77,38.97,39.09,15759800
4/30/2014,37.66,38.98,37.24,38.97,38397900,0,1,37.66,38.98,37.24,38.97,38397900
4/29/2014,40.53,43.97,40.17,42.62,28127700,0,1,40.53,43.97,40.17,42.62,28127700
4/28/2014,41.76,42.35,39.3,40.73,14358900,0,1,41.76,42.35,39.3,40.73,14358900
4/25/2014,44.29,44.44,41.31,41.61,13712400,0,1,44.29,44.44,41.31,41.61,13712400
4/24/2014,46.71,46.79,43.63,44.82,11011700,0,1,46.71,46.79,43.63,44.82,11011700
4/23/2014,45.88,46.17,44.87,45.95,7340200,0,1,45.88,46.17,44.87,45.95,7340200
4/22/2014,46.23,47.09,45.8,46.02,6996900,0,1,46.23,47.09,45.8,46.02,6996900
4/21/2014,44.96,46.3,44.64,46.13,6921200,0,1,44.96,46.3,44.64,46.13,6921200
4/17/2014,44.66,46.55,43.91,45.01,12304400,0,1,44.66,46.55,43.91,45.01,12304400
4/16/2014,45.42,45.56,43.54,44.42,13919600,0,1,45.42,45.56,43.54,44.42,13919600
4/15/2014,41.28,45.55,40.76,45.52,24285100,0,1,41.28,45.55,40.76,45.52,24285100
4/14/2014,41.4,41.95,40.12,40.87,10414200,0,1,41.4,41.95,40.12,40.87,10414200
4/11/2014,40.79,41.1,39.68,40.05,9999700,0,1,40.79,41.1,39.68,40.05,9999700
4/10/2014,42.85,43.25,40.93,41.34,10720900,0,1,42.85,43.25,40.93,41.34,10720900
4/9/2014,42.23,43.06,41.77,42.49,14330700,0,1,42.23,43.06,41.77,42.49,14330700
4/8/2014,43.42,43.42,41.55,41.78,14514500,0,1,43.42,43.42,41.55,41.78,14514500
4/7/2014,42.87,44.6,42.26,42.45,12053000,0,1,42.87,44.6,42.26,42.45,12053000
4/4/2014,44.2,44.87,42.37,43.14,13824400,0,1,44.2,44.87,42.37,43.14,13824400
4/3/2014,45.48,45.61,43.38,44.05,11175800,0,1,45.48,45.61,43.38,44.05,11175800
4/2/2014,47.4,47.44,45.51,45.73,7911300,0,1,47.4,47.44,45.51,45.73,7911300
4/1/2014,46.71,47.59,46.18,46.98,6916100,0,1,46.71,47.59,46.18,46.98,6916100
3/31/2014,47.55,47.75,46.43,46.67,5794500,0,1,47.55,47.75,46.43,46.67,5794500
3/28/2014,46.65,47.34,45.7,47.3,9610500,0,1,46.65,47.34,45.7,47.3,9610500
3/27/2014,45.09,46.4,43.31,46.32,15507600,0,1,45.09,46.4,43.31,46.32,15507600
3/26/2014,48.06,48.3,44.25,44.43,16079700,0,1,48.06,48.3,44.25,44.43,16079700
3/25/2014,49.35,49.7,47.58,47.88,8225600,0,1,49.35,49.7,47.58,47.88,8225600
3/24/2014,50.69,50.94,47.77,48.77,12325700,0,1,50.69,50.94,47.77,48.77,12325700
3/21/2014,50.24,50.92,49.51,50.92,11801400,0,1,50.24,50.92,49.51,50.92,11801400
3/20/2014,51,51.66,49.64,50.12,10086200,0,1,51,51.66,49.64,50.12,10086200
3/19/2014,50.8,51.98,50.71,51.24,7624200,0,1,50.8,51.98,50.71,51.24,7624200
3/18/2014,52.03,52.21,50.29,51.13,12228900,0,1,52.03,52.21,50.29,51.13,12228900
3/17/2014,52.08,52.49,51.35,52.05,6600900,0,1,52.08,52.49,51.35,52.05,6600900
3/14/2014,53.4,53.91,51.8,51.92,9570400,0,1,53.4,53.91,51.8,51.92,9570400
3/13/2014,54.9,55.45,53.2,53.57,7671500,0,1,54.9,55.45,53.2,53.57,7671500
3/12/2014,54.25,55.3,53.88,54.5,5818400,0,1,54.25,55.3,53.88,54.5,5818400
3/11/2014,54.16,55.84,53.8,54.02,11762600,0,1,54.16,55.84,53.8,54.02,11762600
3/10/2014,54.09,54.59,53.38,53.88,5759600,0,1,54.09,54.59,53.38,53.88,5759600
3/7/2014,55.18,55.2,53.31,53.53,7311500,0,1,55.18,55.2,53.31,53.53,7311500
3/6/2014,54.91,56.09,54.7,54.83,9005700,0,1,54.91,56.09,54.7,54.83,9005700
3/5/2014,54.53,55.03,53.75,54.38,5672000,0,1,54.53,55.03,53.75,54.38,5672000
3/4/2014,54.25,55.28,54.12,54.28,6706300,0,1,54.25,55.28,54.12,54.28,6706300
3/3/2014,53.89,54.4,52.9,53.71,9602300,0,1,53.89,54.4,52.9,53.71,9602300
2/28/2014,55.93,56,54.13,54.91,8137200,0,1,55.93,56,54.13,54.91,8137200
2/27/2014,56.34,56.69,55.4,55.77,6537700,0,1,56.34,56.69,55.4,55.77,6537700
2/26/2014,55,56.99,54.9,55.87,12116000,0,1,55,56.99,54.9,55.87,12116000
2/25/2014,55.89,55.95,54.5,54.96,9288500,0,1,55.89,55.95,54.5,54.96,9288500
2/24/2014,56.03,56.49,55.3,55.78,8451200,0,1,56.03,56.49,55.3,55.78,8451200
2/21/2014,57.1,57.2,55.7,55.92,7714300,0,1,57.1,57.2,55.7,55.92,7714300
2/20/2014,55.82,57.08,54.65,56.63,12097500,0,1,55.82,57.08,54.65,56.63,12097500
2/19/2014,58.47,58.95,54.62,55.5,25772100,0,1,58.47,58.95,54.62,55.5,25772100
2/18/2014,57.88,58.64,56.77,58.18,10719500,0,1,57.88,58.64,56.77,58.18,10719500
2/14/2014,57.02,57.86,56.7,57.44,12512400,0,1,57.02,57.86,56.7,57.44,12512400
2/13/2014,56.07,58.98,55.46,56.47,26009500,0,1,56.07,58.98,55.46,56.47,26009500
2/12/2014,55.05,57,54.76,56.85,20040400,0,1,55.05,57,54.76,56.85,20040400
2/11/2014,53.2,54.4,53.1,54,13162900,0,1,53.2,54.4,53.1,54,13162900
2/10/2014,54.5,54.59,52.34,52.92,15857400,0,1,54.5,54.59,52.34,52.92,15857400
2/7/2014,51.23,54.92,50.75,54.35,32204400,0,1,51.23,54.92,50.75,54.35,32204400
2/6/2014,50.61,53.9,49.99,50.03,64856500,0,1,50.61,53.9,49.99,50.03,64856500
2/5/2014,67.16,67.24,64.8,65.97,31504900,0,1,67.16,67.24,64.8,65.97,31504900
2/4/2014,66.25,66.37,64.5,66.32,13017400,0,1,66.25,66.37,64.5,66.32,13017400
2/3/2014,65.92,66.48,64.21,65.25,17890300,0,1,65.92,66.48,64.21,65.25,17890300
1/31/2014,63.39,65.37,62.65,64.5,15498800,0,1,63.39,65.37,62.65,64.5,15498800
1/30/2014,63.98,65.24,62.8,63.47,17424300,0,1,63.98,65.24,62.8,63.47,17424300
1/29/2014,59.62,60.95,58.6,59.45,9140000,0,1,59.62,60.95,58.6,59.45,9140000
1/28/2014,57.44,60.85,57.35,60.44,9346800,0,1,57.44,60.85,57.35,60.44,9346800
1/27/2014,61.77,61.77,56.1,57.91,18982700,0,1,61.77,61.77,56.1,57.91,18982700
1/24/2014,62.17,63.62,61.3,61.74,12942200,0,1,62.17,63.62,61.3,61.74,12942200
1/23/2014,61.45,62.81,60.88,62.8,10183700,0,1,61.45,62.81,60.88,62.8,10183700
1/22/2014,63.11,63.8,61.76,62.44,12039000,0,1,63.11,63.8,61.76,62.44,12039000
1/21/2014,63.33,63.44,61.5,62.53,13733200,0,1,63.33,63.44,61.5,62.53,13733200
1/17/2014,63.6,64.69,61.59,62.2,28391100,0,1,63.6,64.69,61.59,62.2,28391100
1/16/2014,61.45,62.4,60.46,60.57,16589400,0,1,61.45,62.4,60.46,60.57,16589400
1/15/2014,59.11,61.75,58.32,61.57,21537300,0,1,59.11,61.75,58.32,61.57,21537300
1/14/2014,58.88,59.02,57.36,58.21,14778000,0,1,58.88,59.02,57.36,58.21,14778000
1/13/2014,59.98,60.38,57.29,57.82,20978100,0,1,59.98,60.38,57.29,57.82,20978100
1/10/2014,57.5,58.76,55.87,57,22375900,0,1,57.5,58.76,55.87,57,22375900
1/9/2014,59.54,60.81,55.59,57.05,31092100,0,1,59.54,60.81,55.59,57.05,31092100
1/8/2014,58.71,61.26,57.92,59.29,27263200,0,1,58.71,61.26,57.92,59.29,27263200
1/7/2014,67.67,67.73,61.39,61.46,31748400,0,1,67.67,67.73,61.39,61.46,31748400
1/6/2014,64.83,66.87,63.5,66.29,27243700,0,1,64.83,66.87,63.5,66.29,27243700
1/3/2014,69,70.43,68.43,69,33207200,0,1,69,70.43,68.43,69,33207200
1/2/2014,65,67.5,64.4,67.5,29246400,0,1,65,67.5,64.4,67.5,29246400
12/31/2013,62.36,65.22,61.65,63.65,27814600,0,1,62.36,65.22,61.65,63.65,27814600
12/30/2013,60.27,63.71,58.57,60.51,55538300,0,1,60.27,63.71,58.57,60.51,55538300
12/27/2013,70.1,71.25,63.69,63.75,60418700,0,1,70.1,71.25,63.69,63.75,60418700
12/26/2013,72.88,74.73,69.13,73.31,82761100,0,1,72.88,74.73,69.13,73.31,82761100
12/24/2013,66.34,70.87,65.56,69.96,35802700,0,1,66.34,70.87,65.56,69.96,35802700
12/23/2013,59.85,64.99,59.7,64.54,22163800,0,1,59.85,64.99,59.7,64.54,22163800
12/20/2013,58.51,60.25,58.01,60.01,26207400,0,1,58.51,60.25,58.01,60.01,26207400
12/19/2013,55.08,57.75,55,57.49,13152500,0,1,55.08,57.75,55,57.49,13152500
12/18/2013,57,57,54.23,55.51,16659800,0,1,57,57,54.23,55.51,16659800
12/17/2013,56.97,57.38,54.62,56.45,22115200,0,1,56.97,57.38,54.62,56.45,22115200
12/16/2013,57.86,60.24,55.76,56.61,39310800,0,1,57.86,60.24,55.76,56.61,39310800
12/13/2013,56.2,59.41,55.45,59,38979600,0,1,56.2,59.41,55.45,59,38979600
12/12/2013,52.2,55.87,50.69,55.33,23446900,0,1,52.2,55.87,50.69,55.33,23446900
12/11/2013,52.4,53.87,51,52.34,26631500,0,1,52.4,53.87,51,52.34,26631500
12/10/2013,48.9,52.58,48.7,51.99,25792000,0,1,48.9,52.58,48.7,51.99,25792000
12/9/2013,45.59,49.84,45.02,49.14,17366600,0,1,45.59,49.84,45.02,49.14,17366600
12/6/2013,45.75,45.8,44.54,44.95,6230000,0,1,45.75,45.8,44.54,44.95,6230000
12/5/2013,43.45,46.35,42.83,45.62,11729400,0,1,43.45,46.35,42.83,45.62,11729400
12/4/2013,41.27,43.92,41.27,43.69,11014900,0,1,41.27,43.92,41.27,43.69,11014900
12/3/2013,40.69,41.6,40.54,41.37,5771000,0,1,40.69,41.6,40.54,41.37,5771000
12/2/2013,41.79,42,40.4,40.78,6424300,0,1,41.79,42,40.4,40.78,6424300
11/29/2013,41.4,41.58,40.9,41.57,4107000,0,1,41.4,41.58,40.9,41.57,4107000
11/27/2013,40.47,41.4,40.35,40.9,5536300,0,1,40.47,41.4,40.35,40.9,5536300
11/26/2013,39.16,40.55,38.92,40.18,9828400,0,1,39.16,40.55,38.92,40.18,9828400
11/25/2013,41.08,41.14,38.8,39.06,14333300,0,1,41.08,41.14,38.8,39.06,14333300
11/22/2013,41.81,42.28,40.97,41,6185200,0,1,41.81,42.28,40.97,41,6185200
11/21/2013,41.25,42.49,40.37,42.06,8324700,0,1,41.25,42.49,40.37,42.06,8324700
11/20/2013,41.4,41.75,40.51,41.05,5767300,0,1,41.4,41.75,40.51,41.05,5767300
11/19/2013,41.39,41.9,40,41.75,7436600,0,1,41.39,41.9,40,41.75,7436600
11/18/2013,43.5,43.95,40.85,41.14,12810600,0,1,43.5,43.95,40.85,41.14,12810600
11/15/2013,45.25,45.27,43.43,43.98,8010600,0,1,45.25,45.27,43.43,43.98,8010600
11/14/2013,42.34,45.67,42.24,44.69,11099400,0,1,42.34,45.67,42.24,44.69,11099400
11/13/2013,41.03,42.87,40.76,42.6,8688300,0,1,41.03,42.87,40.76,42.6,8688300
11/12/2013,43.66,43.78,41.83,41.9,6316700,0,1,43.66,43.78,41.83,41.9,6316700
11/11/2013,40.5,43,39.4,42.9,16113900,0,1,40.5,43,39.4,42.9,16113900
11/8/2013,45.93,46.94,40.69,41.65,27925300,0,1,45.93,46.94,40.69,41.65,27925300
11/7/2013,45.1,50.09,44,44.9,117701600,0,1,45.1,50.09,44,44.9,117701600
